CDR3,Epitope,label
CASRNLGLNTEAF,KRGIVEQSSTSISSL,1
CASSFRRVTDTQYF,KRGIVEQSSTSISSL,1
CASSLATSGGGSDTQYF,KRGIVEQSSTSISSL,1
CASSLAVIRTDTQYF,KRGIVEQSSTSISSL,1
CASSLGQGETEAF,KRGIVEQSSTSISSL,1
CASSQVRLAGGGEQF,KRGIVEQSSTSISSL,1
CSVEATRADTQYF,KRGIVEQCCTSISSL,1
CASRPVAGLPHF,PQPELPYPQPE,1
CASSFRSTDTQYF,PQPELPYPQPE,1
CASSIVDRGGETQYF,PQPELPYPQPE,1
CASSLGYGVSTGELF,PQPELPYPQPE,1
CASSLRAWETQYF,PQPELPYPQPE,1
CASSLRSTDTQYF,PQPELPYPQPE,1
CASSLRWGDGGKLF,PQPELPYPQPE,1
CASSQGGDRGESEAF,PQPELPYPQPE,1
CASSVRTLDTGELF,PQPELPYPQPE,1
CATSSRMGGDTQYF,PQPELPYPQPE,1
CASSVALAGAEYF,ADTLQSIGATTVASN,1
CASSVALASGANVLTF,ADTLQSIGATTVASN,1
CASSVALQGVHTQYF,ADTLQSIGATTVASN,1
CASSVALATGEQYF,ADTLQSIGATTVASN,1
CASSINALVGEQFF,QLQPFPQPELPY,1
CASSPAFSTDTQYF,QLQPFPQPELPY,1
CASSLDGLTNTEAFF,QLQPFPQPELPY,1
CSATLGGDYGYTF,PQQPFPQPEQPFP,1
CSAQLAGGGGDTQYF,PQQPFPQPEQPFP,1
CSAFPGGDTEAFF,PQQPFPQPEQPFP,1
CASSYVGGDTDTQYF,PQQPFPQPEQPFP,1
CSARDLRETNEKLFF,TNFKYNYSVIEGGPI,1
CSARDGPTNEKLFF,TNFKYNYSVIEGGPI,1
CASRLRRSTDTQYF,TNFKYNYSVIEGGPI,1
CASSMGGALEKLFF,TNFKYNYSVIEGGPI,1
CASSLRANPGYEQYF,TNFKYNYSVIEGGPI,1
CASSLARGTLYEQYF,TNFKYNYSVIEGGPI,1
CAISAETLNEKLFF,TNFKYNYSVIEGGPI,1
CASSPQQVLGEAFF,DTLEKISNEIKIVATP,1
CAIREDRNNYGYTF,DTLEKISNEIKIVATP,1
CASSPRGGSYNEQFF,DTLEKISNEIKIVATP,1
CASSRGRGSYNEQFF,DTLEKISNEIKIVATP,1
CASSKGTGVSTDTQYF,DTLEKISNEIKIVATP,1
CASSRTNEKLFF,ILKISNKYHTKGDH,1
CASSLARGTLYEQYF,ILKISNKYHTKGDH,1
CASSEEQGAIAFF,ILKISNKYHTKGDH,1
CASSLTSGLKKQYF,ILKISNKYHTKGDH,1
CASSESGGLGGYTF,ILKISNKYHTKGDH,1
CASKEKQSRANVLTF,WEDLFCDESLSSPEPPSSSE,1
CASSGVLPIVMQDTQYF,WEDLFCDESLSSPEPPSSSE,1
CATSDRLRYQQSRANVLTF,WEDLFCDESLSSPEPPSSSE,1
CASSRWHPSDNEQFF,WEDLFCDESLSSPEPPSSSE,1
CASSYNSPRGGQPQHF,WEDLFCDESLSSPEPPSSSE,1
CATSQLLGVGELFF,WEDLFCDESLSSPEPPSSSE,1
CPGSGTEQSRANVLTF,WEDLFCDESLSSPEPPSSSE,1
CASSVEVYNSPLHF,WEDLFCDESLSSPEPPSSSE,1
CASSGQLQSRANVLTF,WEDLFCDESLSSPEPPSSSE,1
CASKNSRKTYGYTF,WEDLFCDESLSSPEPPSSSE,1
CASSLEHALRKTYGCTF,WEDLFCDESLSSPEPPSSSE,1
CASTYPANYGYTF,WEDLFCDESLSSPEPPSSSE,1
CASSFRGSMNTGELFF,WEDLFCDESLSSPEPPSSSE,1
CARSRSMVRKTYGYTF,WEDLFCDESLSSPEPPSSSE,1
CASSNVGPYDKSRANVLTF,WEDLFCDESLSSPEPPSSSE,1
CASSTTVSGNTIYF,WEDLFCDESLSSPEPPSSSE,1
CASSVRSRSRKIYGHTF,WEDLFCDESLSSPEPPSSSE,1
CASSQRGGQEAFF,WEDLFCDESLSSPEPPSSSE,1
CASRHMLATLLDEQYF,WEDLFCDESLSSPEPPSSSE,1
CASSYSSFMVGELFF,WEDLFCDESLSSPEPPSSSE,1
CASSTRVPINIQYF,WEDLFCDESLSSPEPPSSSE,1
CASSGGPTPSQSRANVLTF,WEDLFCDESLSSPEPPSSSE,1
YASSKNNFDGKTYG,WEDLFCDESLSSPEPPSSSE,1
CASSVKSALRKTYGCTF,WEDLFCDESLSSPEPPSSSE,1
CASSLRGLPEQYF,WEDLFCDESLSSPEPPSSSE,1
CASSLVEYHGKIYGYTF,WEDLFCDESLSSPEPPSSSE,1
CASSRLRLVMQDTQYF,WEDLFCDESLSSPEPPSSSE,1
CASSLRGAGEKLFF,WEDLFCDESLSSPEPPSSSE,1
CASSYGASGRQETQYF,WEDLFCDESLSSPEPPSSSE,1
CASSLRGGGEKLFF,WEDLFCDESLSSPEPPSSSE,1
CASGTKSVRKNYGYTF,WEDLFCDESLSSPEPPSSSE,1
CASLLAQSRANVLTF,WEDLFCDESLSSPEPPSSSE,1
CSALHRMFRKTYGYTF,WEDLFCDESLSSPEPPSSSE,1
CASNIRREYTSRANVLTF,WEDLFCDESLSSPEPPSSSE,1
CASRLGLATPSDNEQFF,WEDLFCDESLSSPEPPSSSE,1
WQLRAYSRKTYGYTF,WEDLFCDESLSSPEPPSSSE,1
CASSLPIATRVDEQYF,WEDLFCDESLSSPEPPSSSE,1
CASSKRSPISYNNSPLHF,WEDLFCDESLSSPEPPSSSE,1
CASSAYSPISHSDNEQFF,WEDLFCDESLSSPEPPSSSE,1
CASSPGGRGGEQYF,WEDLFCDESLSSPEPPSSSE,1
VPAARWVPFHSDNEQFF,WEDLFCDESLSSPEPPSSSE,1
CASSVRSRSRKIYGYTF,WEDLFCDESLSSPEPPSSSE,1
CASSLVRWLQSRANVLTF,WEDLFCDESLSSPEPPSSSE,1
CTSSRSRFAQSRANVLTF,WEDLFCDESLSSPEPPSSSE,1
CASSQRGSYEQYF,WEDLFCDESLSSPEPPSSSE,1
CASYSNPGKTYGYTF,WEDLFCDESLSSPEPPSSSE,1
CASRVFLAKQRKNIQYF,WEDLFCDESLSSPEPPSSSE,1
CSATTRVRNQPQHF,WEDLFCDESLSSPEPPSSSE,1
CASSVIQPYGKNYGYTF,WEDLFCDESLSSPEPPSSSE,1
CASSQKLARLGELFF,WEDLFCDESLSSPEPPSSSE,1
CASSGLLSAQSRANVLTF,WEDLFCDESLSSPEPPSSSE,1
CATTERDSGTRSRNEQYF,WEDLFCDESLSSPEPPSSSE,1
CASSLARDRIREQYF,WEDLFCDESLSSPEPPSSSE,1
CASSNSYPISIHTEAFF,WEDLFCDESLSSPEPPSSSE,1
CASSTFVCGRKTYGYTF,WEDLFCDESLSSPEPPSSSE,1
CASGLANAGQSRANVLTF,WEDLFCDESLSSPEPPSSSE,1
CASSYWRLPQSRANVLTF,WEDLFCDESLSSPEPPSSSE,1
CASRRGLATWHHQPQHF,WEDLFCDESLSSPEPPSSSE,1
CASSLEKDAQSRANVLTF,WEDLFCDESLSSPEPPSSSE,1
CASSSRAECGKTYGYTF,WEDLFCDESLSSPEPPSSSE,1
CASSHGTSGRSTYEQYF,WEDLFCDESLSSPEPPSSSE,1
CATSAVNCTRKTYGYTF,WEDLFCDESLSSPEPPSSSE,1
CASAEGFPFRVDEQYF,WEDLFCDESLSSPEPPSSSE,1
CASSLARVGNTQYF,WEDLFCDESLSSPEPPSSSE,1
CASRNALLQQSRANVLTF,WEDLFCDESLSSPEPPSSSE,1
CGKRHKITQSRANVLTF,WEDLFCDESLSSPEPPSSSE,1
CASGRGYEQYV,WEDLFCDESLSSPEPPSSSE,1
CASSIVGVPQSRANVLTF,WEDLFCDESLSSPEPPSSSE,1
CASSVWSRSRKIYGYTF,WEDLFCDESLSSPEPPSSSE,1
CASSSNIVPQSRANVLTF,WEDLFCDESLSSPEPPSSSE,1
CASSGSCPIVMQDTQYF,WEDLFCDESLSSPEPPSSSE,1
CASSLSSPIVMQDTQYF,WEDLFCDESLSSPEPPSSSE,1
CASSQSVPGKTYGYTF,WEDLFCDESLSSPEPPSSSE,1
CASSVHHPICHEDTQYF,WEDLFCDESLSSPEPPSSSE,1
YSSEDGRLLVDNEKLFF,WEDLFCDESLSSPEPPSSSE,1
CASRVRLANRKTYGYTF,WEDLFCDESLSSPEPPSSSE,1
CASSESVWYRKTYGYTF,WEDLFCDESLSSPEPPSSSE,1
CASSLFRRLQSRANVLTF,WEDLFCDESLSSPEPPSSSE,1
CASSQGRGWQTQYF,WEDLFCDESLSSPEPPSSSE,1
CASSGDCPIFGHHQPQHF,WEDLFCDESLSSPEPPSSSE,1
CTSRTTGFAQSRANVLTF,WEDLFCDESLSSPEPPSSSE,1
CASSSTRPISNSDNEQFF,WEDLFCDESLSSPEPPSSSE,1
CASSLMSLTTGELFF,WEDLFCDESLSSPEPPSSSE,1
CASSLRGAGNIQYF,WEDLFCDESLSSPEPPSSSE,1
CASSLSRQSRANVLTF,WEDLFCDESLSSPEPPSSSE,1
CASSEITPFVLDEQYF,WEDLFCDESLSSPEPPSSSE,1
CAEVESRQSRANVLTF,WEDLFCDESLSSPEPPSSSE,1
CASSLLRAPREPSPYEQYF,WEDLFCDESLSSPEPPSSSE,1
CASSYEVSISGLTRQLFF,WEDLFCDESLSSPEPPSSSE,1
CASSSVPFVMQDTQYF,WEDLFCDESLSSPEPPSSSE,1
CASSNFFPISCLDEQYF,WEDLFCDESLSSPEPPSSSE,1
CASSLIVLHHSDNEQFF,WEDLFCDESLSSPEPPSSSE,1
CASSVLGKTYGYTF,WEDLFCDESLSSPEPPSSSE,1
CTSRARRLYTSRANVLTF,WEDLFCDESLSSPEPPSSSE,1
CASSRGVLHWHHQPQHF,WEDLFCDESLSSPEPPSSSE,1
CASSRSAQSRANVLTF,WEDLFCDESLSSPEPPSSSE,1
CASSGECYRYSRANVLTF,WEDLFCDESLSSPEPPSSSE,1
CASSIDTVVRKNYGYTF,WEDLFCDESLSSPEPPSSSE,1
CASSLGRGYGYTF,WEDLFCDESLSSPEPPSSSE,1
CASSEPPPIVMQDTQYF,WEDLFCDESLSSPEPPSSSE,1
CASSSPSPICLQDTQYF,WEDLFCDESLSSPEPPSSSE,1
CASSSSPTISGLTGELFF,WEDLFCDESLSSPEPPSSSE,1
CASSNPIPIVMQDTQYF,WEDLFCDESLSSPEPPSSSE,1
CASRGRLDTIRTEAFF,WEDLFCDESLSSPEPPSSSE,1
CASSFRGGGEKLFF,WEDLFCDESLSSPEPPSSSE,1
CASSWNVPFSETQYF,WEDLFCDESLSSPEPPSSSE,1
CASSLSLAGEGDTQYF,WEDLFCDESLSSPEPPSSSE,1
CSARQGWADTQYF,WEDLFCDESLSSPEPPSSSE,1
YASSKYARRQSRANVLTF,WEDLFCDESLSSPEPPSSSE,1
CASSRRYSISGLTGELFF,WEDLFCDESLSSPEPPSSSE,1
CASGCGAGQSRANVLTF,WEDLFCDESLSSPEPPSSSE,1
CASRAIIAQQRKNIQYF,WEDLFCDESLSSPEPPSSSE,1
CASSGPRRSQKTYGYTF,WEDLFCDESLSSPEPPSSSE,1
CATSTYSSKQSRANVLTF,WEDLFCDESLSSPEPPSSSE,1
CASSGKSSYGKTYGYTF,WEDLFCDESLSSPEPPSSSE,1
CASDHVLCVQSRANVLTF,WEDLFCDESLSSPEPPSSSE,1
CASSRRGSGANVLTF,WEDLFCDESLSSPEPPSSSE,1
CASSRGAVIGQSRANVLTF,WEDLFCDESLSSPEPPSSSE,1
CSAAKWMFRKTYGYTF,WEDLFCDESLSSPEPPSSSE,1
CASSVCDALRKTYGYTF,WEDLFCDESLSSPEPPSSSE,1
CGTVQKITQSRANVLTF,WEDLFCDESLSSPEPPSSSE,1
CGTRKKITQSRANVLTF,WEDLFCDESLSSPEPPSSSE,1
CASSTEGSYEQYF,WEDLFCDESLSSPEPPSSSE,1
CASSLGGANVLTF,WEDLFCDESLSSPEPPSSSE,1
CASSRSAPIQSRANVLTF,WEDLFCDESLSSPEPPSSSE,1
CASSQRGENIQYF,WEDLFCDESLSSPEPPSSSE,1
CASSHRDPIFHSDNEQFF,WEDLFCDESLSSPEPPSSSE,1
CASSDEHKVPQSRANVLTF,WEDLFCDESLSSPEPPSSSE,1
CASSSTLCIEQSRANVLTF,WEDLFCDESLSSPEPPSSSE,1
CATRIATGQGAVDRGDTQYF,WEDLFCDESLSSPEPPSSSE,1
CASSQHIPICKKNIQYF,WEDLFCDESLSSPEPPSSSE,1
CASSASCPIVMQDTQYF,WEDLFCDESLSSPEPPSSSE,1
CASSELSGRRKNYGYTF,WEDLFCDESLSSPEPPSSSE,1
CASSKTYGYTF,WEDLFCDESLSSPEPPSSSE,1
CASRGTGGNEQFF,WEDLFCDESLSSPEPPSSSE,1
CASSQRGDNYGYTF,WEDLFCDESLSSPEPPSSSE,1
CASSAWSPHSDNEQFF,WEDLFCDESLSSPEPPSSSE,1
CASSPTQGIQPQHF,WEDLFCDESLSSPEPPSSSE,1
CASRDTMLHVLDEQYF,WEDLFCDESLSSPEPPSSSE,1
CASSIPIDLGRAYGYTF,WEDLFCDESLSSPEPPSSSE,1
CASSLRGAPGYTF,WEDLFCDESLSSPEPPSSSE,1
CASRPLVANHSDNEQFF,WEDLFCDESLSSPEPPSSSE,1
CASGKKNAGQSRANVLTF,WEDLFCDESLSSPEPPSSSE,1
CASSQRGSYNDQFF,WEDLFCDESLSSPEPPSSSE,1
CASRRVSSTQSRANVLTF,WEDLFCDESLSSPEPPSSSE,1
CTSRTGGLCQSRANVLTF,WEDLFCDESLSSPEPPSSSE,1
CASSVSPHEEQSRANVLTF,WEDLFCDESLSSPEPPSSSE,1
CASSPTRPFVLDEQYF,WEDLFCDESLSSPEPPSSSE,1
CASTRRGEQTQYF,WEDLFCDESLSSPEPPSSSE,1
CASSQRGSGNTIYF,WEDLFCDESLSSPEPPSSSE,1
CASSRGFTLRKNYGYTF,WEDLFCDESLSSPEPPSSSE,1
CASSWSTSRQSRANVLTF,WEDLFCDESLSSPEPPSSSE,1
CASSTSSESRQSRANVLTF,WEDLFCDESLSSPEPPSSSE,1
CASSLIKASRKTYGYTF,WEDLFCDESLSSPEPPSSSE,1
CASSLGQGFSPLHF,WEDLFCDESLSSPEPPSSSE,1
CTSRSRPQGRANVLTF,WEDLFCDESLSSPEPPSSSE,1
CTSRSRPQSRANVLTF,WEDLFCDESLSSPEPPSSSE,1
CASSQAKYHGKIYGCTF,WEDLFCDESLSSPEPPSSSE,1
CASSRDLWHRQSRANVLTF,WEDLFCDESLSSPEPPSSSE,1
CARISRQSRANVLTF,WEDLFCDESLSSPEPPSSSE,1
CASRERLATTIRTEAFF,WEDLFCDESLSSPEPPSSSE,1
CASSGSRRSHKGRANVLTF,WEDLFCDESLSSPEPPSSSE,1
CASSLDSAYEQFF,WEDLFCDESLSSPEPPSSSE,1
CAISRWLCIQSRANVLTF,WEDLFCDESLSSPEPPSSSE,1
CASSAVPVPQSRANVLTF,WEDLFCDESLSSPEPPSSSE,1
CASSEGDPRRKTYGYTF,WEDLFCDESLSSPEPPSSSE,1
CASSRRKDAYKSRANVLTF,WEDLFCDESLSSPEPPSSSE,1
CASSKAPPIVMQDTQYF,WEDLFCDESLSSPEPPSSSE,1
CASSLMHPIVMQDTQYF,WEDLFCDESLSSPEPPSSSE,1
CASSISFSETQYF,WEDLFCDESLSSPEPPSSSE,1
CASSFKGKCRKIYGYTF,WEDLFCDESLSSPEPPSSSE,1
CASSGSNYPQSRANVLTF,WEDLFCDESLSSPEPPSSSE,1
CASSSPSPISNSDNEQFF,WEDLFCDESLSSPEPPSSSE,1
CASRRTGGETQYF,WEDLFCDESLSSPEPPSSSE,1
CASSKTLAGPQETQYF,WEDLFCDESLSSPEPPSSSE,1
CASSHSSNLGKTYGYTF,WEDLFCDESLSSPEPPSSSE,1
CASSPVVVQHARNTIYF,WEDLFCDESLSSPEPPSSSE,1
CASSLPFPICQQDTQYF,WEDLFCDESLSSPEPPSSSE,1
CASSYISPRGGYEQYF,WEDLFCDESLSSPEPPSSSE,1
CASSFSPLWHHQPQHF,WEDLFCDESLSSPEPPSSSE,1
CASRLHVATPSDNEQFF,WEDLFCDESLSSPEPPSSSE,1
CASSFFSECNKSRANVLTF,WEDLFCDESLSSPEPPSSSE,1
CASSLKGAIEQYF,WEDLFCDESLSSPEPPSSSE,1
CASSLNLLQQRKNIQYF,WEDLFCDESLSSPEPPSSSE,1
CTSRFNLATTIRTEAFF,WEDLFCDESLSSPEPPSSSE,1
CAWGQGRYKQSRANVLTF,WEDLFCDESLSSPEPPSSSE,1
CASSDFVATTIRTEAFF,WEDLFCDESLSSPEPPSSSE,1
CASSVLQKCRKTYGYTF,WEDLFCDESLSSPEPPSSSE,1
CASSDDMLHHSDNEQFF,WEDLFCDESLSSPEPPSSSE,1
CASSRHLQHARNTIYF,WEDLFCDESLSSPEPPSSSE,1
CASRIPIATQFRTEAFF,WEDLFCDESLSSPEPPSSSE,1
CASSSRGSGEKLFF,WEDLFCDESLSSPEPPSSSE,1
CASTQRGGHEQYF,WEDLFCDESLSSPEPPSSSE,1
CGISQTQSRANVLTF,WEDLFCDESLSSPEPPSSSE,1
CASSWLSPIFWHHQPQHF,WEDLFCDESLSSPEPPSSSE,1
CASRRIVLHVLDEQYF,WEDLFCDESLSSPEPPSSSE,1
CASRHFLVHWHHQPQHF,WEDLFCDESLSSPEPPSSSE,1
CASSPMSLRGNEQFF,WEDLFCDESLSSPEPPSSSE,1
CASSTIIATHNHNSPLHF,WEDLFCDESLSSPEPPSSSE,1
CASSCMPPQSRANVLTF,WEDLFCDESLSSPEPPSSSE,1
CATSAISGTRKTYGYTF,WEDLFCDESLSSPEPPSSSE,1
CASSDSPHHGKTYGYTF,WEDLFCDESLSSPEPPSSSE,1
CASSKLLNRTKSGHVLTF,WEDLFCDESLSSPEPPSSSE,1
CATSSSYSYQQSRANVLTF,WEDLFCDESLSSPEPPSSSE,1
CASSQRGGKGNTIYF,WEDLFCDESLSSPEPPSSSE,1
CASRTRGGPEAFF,WEDLFCDESLSSPEPPSSSE,1
CASSKPRRSGSYEQYF,WEDLFCDESLSSPEPPSSSE,1
CASSPEHPISVLDEQYF,WEDLFCDESLSSPEPPSSSE,1
CASSRTRGAQPQHF,WEDLFCDESLSSPEPPSSSE,1
CASSCRSDAYKSRANVLTF,WEDLFCDESLSSPEPPSSSE,1
CASSWLQSRANVLTF,WEDLFCDESLSSPEPPSSSE,1
CASRNSIATVLDEQYF,WEDLFCDESLSSPEPPSSSE,1
CASSGGCGQSRANVLTF,WEDLFCDESLSSPEPPSSSE,1
CASSHFIEAGKTYGYTF,WEDLFCDESLSSPEPPSSSE,1
CASSTRGSQPQHF,WEDLFCDESLSSPEPPSSSE,1
CASSGGGPFPFDNEQFF,WEDLFCDESLSSPEPPSSSE,1
CASSSKPGTKSGQRPDF,WEDLFCDESLSSPEPPSSSE,1
CASSQRGGPEAFF,WEDLFCDESLSSPEPPSSSE,1
CASSTVMLTRKTYGYTF,WEDLFCDESLSSPEPPSSSE,1
CSAFIRMFRKTYGYTF,WEDLFCDESLSSPEPPSSSE,1
CASRTWIATLLDEQYF,WEDLFCDESLSSPEPPSSSE,1
CASSRGQSYTNTGELFF,WEDLFCDESLSSPEPPSSSE,1
CAWLTKRYNKSRANVLTF,WEDLFCDESLSSPEPPSSSE,1
CASSQRGAYEQYF,WEDLFCDESLSSPEPPSSSE,1
CASSCSHPISILTEAFF,WEDLFCDESLSSPEPPSSSE,1
CASSPTRGVQTQYF,WEDLFCDESLSSPEPPSSSE,1
CASSHAYPIIHHNSPLHF,WEDLFCDESLSSPEPPSSSE,1
CASRRLQAPRKTYGYTF,WEDLFCDESLSSPEPPSSSE,1
CASRSRVLQHARNTIYF,WEDLFCDESLSSPEPPSSSE,1
CASSRRAKQQSRANVLTF,WEDLFCDESLSSPEPPSSSE,1
CSAQWTLFRKTYGYTF,WEDLFCDESLSSPEPPSSSE,1
YASSDKSLRSVDYGYTF,WEDLFCDESLSSPEPPSSSE,1
CASSVWLATTRRNTIYF,WEDLFCDESLSSPEPPSSSE,1
CASSQKSPDNEQFF,WEDLFCDESLSSPEPPSSSE,1
CAISGIFCIQSRANVLTF,WEDLFCDESLSSPEPPSSSE,1
CASSRSWGSNEQFF,WEDLFCDESLSSPEPPSSSE,1
CASKSRWGSYEQYF,WEDLFCDESLSSPEPPSSSE,1
CASDIEYQSRANVLTF,WEDLFCDESLSSPEPPSSSE,1
CASSMRDPMQDTQYF,WEDLFCDESLSSPEPPSSSE,1
CASSNVYSQSRANVLTF,WEDLFCDESLSSPEPPSSSE,1
CASCLRISRKTYGYTF,WEDLFCDESLSSPEPPSSSE,1
CASSYALATTRRNTIYF,WEDLFCDESLSSPEPPSSSE,1
CASSDFDPICLQDTQYF,WEDLFCDESLSSPEPPSSSE,1
CASSPKCPIFGNHQPQHF,WEDLFCDESLSSPEPPSSSE,1
CASDLGVPDKSRANVLTF,WEDLFCDESLSSPEPPSSSE,1
CASSQGRTSWQFF,WEDLFCDESLSSPEPPSSSE,1
CASSSPQSRANVLTF,WEDLFCDESLSSPEPPSSSE,1
CASSCGLHFWHHQPQHF,WEDLFCDESLSSPEPPSSSE,1
CARLISMVRKTYGYTF,WEDLFCDESLSSPEPPSSSE,1
CASSSPVPICKRKNIQYF,WEDLFCDESLSSPEPPSSSE,1
CASSITPPISCLDEQYF,WEDLFCDESLSSPEPPSSSE,1
CASNLVISRKTYGYTF,WEDLFCDESLSSPEPPSSSE,1
CASSIRGGFRKTYGYTF,WEDLFCDESLSSPEPPSSSE,1
CASSEVPFTRKIYGYTL,WEDLFCDESLSSPEPPSSSE,1
CASRFRLATPSDNEQFF,WEDLFCDESLSSPEPPSSSE,1
CASGGNNAGQSRANVLTF,WEDLFCDESLSSPEPPSSSE,1
CASSGDGESHKSRANVLTF,WEDLFCDESLSSPEPPSSSE,1
CASNALPGLNEKLFF,WEDLFCDESLSSPEPPSSSE,1
CASGTRNLQGKTYGYTF,WEDLFCDESLSSPEPPSSSE,1
CASSYPCPISIRTEAFF,WEDLFCDESLSSPEPPSSSE,1
CTSRSKGLCEAYGYTF,WEDLFCDESLSSPEPPSSSE,1
CASISPKSQSRANVLTF,WEDLFCDESLSSPEPPSSSE,1
CAWSVPVVGSYEQYF,WEDLFCDESLSSPEPPSSSE,1
CASSHTSFTPQSRANVLTF,WEDLFCDESLSSPEPPSSSE,1
CASSDHGFRSVDYGYTF,WEDLFCDESLSSPEPPSSSE,1
CSALIFVSQSRANVLTF,WEDLFCDESLSSPEPPSSSE,1
CASSNANSGLTGELFF,WEDLFCDESLSSPEPPSSSE,1
CASSSVYPIFVLDEQYF,WEDLFCDESLSSPEPPSSSE,1
CASNMRPVRKTYGYTF,WEDLFCDESLSSPEPPSSSE,1
CASSSLLPMQDTQYF,WEDLFCDESLSSPEPPSSSE,1
CASREYIDTIRTEAFF,WEDLFCDESLSSPEPPSSSE,1
CSAREDRGYSPLHF,WEDLFCDESLSSPEPPSSSE,1
CASSLPRFTHKSRANVLTF,WEDLFCDESLSSPEPPSSSE,1
CASSWDVHFVLDEQYF,WEDLFCDESLSSPEPPSSSE,1
CASSEDRNTGELFF,WEDLFCDESLSSPEPPSSSE,1
CASGSTRAARLSRKTYGYTF,WEDLFCDESLSSPEPPSSSE,1
CASSLIGPIVMQDTQYF,WEDLFCDESLSSPEPPSSSE,1
CASSKRCDLDKSRANVLTF,WEDLFCDESLSSPEPPSSSE,1
CASSIPFPGYKSRANVLTF,WEDLFCDESLSSPEPPSSSE,1
CASSSWQVSTGELFF,WEDLFCDESLSSPEPPSSSE,1
CAISRTSGRIAGAYEQYF,WEDLFCDESLSSPEPPSSSE,1
CASSEIVATVMQDTQYF,WEDLFCDESLSSPEPPSSSE,1
CASESGSVRKNYGYTL,WEDLFCDESLSSPEPPSSSE,1
CASSTRGELDKSRANVLTF,WEDLFCDESLSSPEPPSSSE,1
CARSANLSRQSRANVLTF,WEDLFCDESLSSPEPPSSSE,1
CASRECIATWHHQPQHF,WEDLFCDESLSSPEPPSSSE,1
CASSLGTQYF,WEDLFCDESLSSPEPPSSSE,1
CASSQVVPFARKNIQYF,WEDLFCDESLSSPEPPSSSE,1
CASSSVPFIHHNSPLHF,WEDLFCDESLSSPEPPSSSE,1
CASSSSASSSQSRANVLTF,WEDLFCDESLSSPEPPSSSE,1
CASSIYSYLTKSGQLLTF,WEDLFCDESLSSPEPPSSSE,1
CASSQGRTTEQYF,WEDLFCDESLSSPEPPSSSE,1
CASSLLLSAGGDTDTQYF,WEDLFCDESLSSPEPPSSSE,1
CASSTLVPMRKTYGYTF,WEDLFCDESLSSPEPPSSSE,1
CASSCIPQSGKTYGYTF,WEDLFCDESLSSPEPPSSSE,1
CTSSCHGLCTSRANVLTF,WEDLFCDESLSSPEPPSSSE,1
CASSPVSWHHQPQHF,WEDLFCDESLSSPEPPSSSE,1
CASSPISGLTGELFF,WEDLFCDESLSSPEPPSSSE,1
CASSLVSITGTDYGYTF,WEDLFCDESLSSPEPPSSSE,1
CASHLMYLKQSRANVLTF,WEDLFCDESLSSPEPPSSSE,1
CASSGYEHHGKTYDYTF,WEDLFCDESLSSPEPPSSSE,1
CASTNQCRKTYGYTF,WEDLFCDESLSSPEPPSSSE,1
CASSPSTSQSRANVLTF,WEDLFCDESLSSPEPPSSSE,1
CASSLSFPIVMQDTQYF,WEDLFCDESLSSPEPPSSSE,1
CASSLWQRSRKAYGYTF,WEDLFCDESLSSPEPPSSSE,1
CASSRSSESYGYTF,WEDLFCDESLSSPEPPSSSE,1
CASSCVNTLRKNYGYTF,WEDLFCDESLSSPEPPSSSE,1
CASSDFSRSQQSRANVLTF,WEDLFCDESLSSPEPPSSSE,1
CSVDGVTQETQYF,WEDLFCDESLSSPEPPSSSE,1
CASSNDGESRQSRANVLTF,WEDLFCDESLSSPEPPSSSE,1
CASSESRHEGGTYGYTF,WEDLFCDESLSSPEPPSSSE,1
CATSCDYSYQQSRANVLTF,WEDLFCDESLSSPEPPSSSE,1
CSARGGRLFYEQYF,WEDLFCDESLSSPEPPSSSE,1
CASSQRGLPEQYV,WEDLFCDESLSSPEPPSSSE,1
CASSCASPISGSTGELFF,WEDLFCDESLSSPEPPSSSE,1
CASSPGRKTYGYTF,WEDLFCDESLSSPEPPSSSE,1
CASSVGVHFVLDEQYF,WEDLFCDESLSSPEPPSSSE,1
CASRNPLAHIHHNSPLHF,WEDLFCDESLSSPEPPSSSE,1
CASSTIAPIVMQDTQYF,WEDLFCDESLSSPEPPSSSE,1
CASSYFTCHRQSRANVLTF,WEDLFCDESLSSPEPPSSSE,1
CASRMNILHVLDEQYF,WEDLFCDESLSSPEPPSSSE,1
CASRGELATTIRTEAFF,WEDLFCDESLSSPEPPSSSE,1
CASSWRYLRGYTF,WEDLFCDESLSSPEPPSSSE,1
CASSTWVFVLDEQYF,WEDLFCDESLSSPEPPSSSE,1
CASRTRQLSTSRANVLTF,WEDLFCDESLSSPEPPSSSE,1
CASSLSGGGGTQYF,WEDLFCDESLSSPEPPSSSE,1
CTSRANVLTF,WEDLFCDESLSSPEPPSSSE,1
CAWSFVCYRKTYGYTF,WEDLFCDESLSSPEPPSSSE,1
CASSRGGAHGKTYGYTF,WEDLFCDESLSSPEPPSSSE,1
CASSGTDPIVLDEQYF,WEDLFCDESLSSPEPPSSSE,1
CASSRLHPIFWHHQPQHF,WEDLFCDESLSSPEPPSSSE,1
CASSVLGPHGKTYGYTF,WEDLFCDESLSSPEPPSSSE,1
CASSPWHEAGKTYGYTF,WEDLFCDESLSSPEPPSSSE,1
CASSMIGKTYGYTF,WEDLFCDESLSSPEPPSSSE,1
CASRDTLLQQRKNIQYF,WEDLFCDESLSSPEPPSSSE,1
CASSFRPGLAGRLLSYEQYF,WEDLFCDESLSSPEPPSSSE,1
CAGSPTGSYGKTYGYTF,WEDLFCDESLSSPEPPSSSE,1
CASRVVLATIRTEAFF,WEDLFCDESLSSPEPPSSSE,1
CASSVKGKCRKTYGYTF,WEDLFCDESLSSPEPPSSSE,1
CTSRYNCRANVLTF,WEDLFCDESLSSPEPPSSSE,1
CAWKSMCYRKTYGYTF,WEDLFCDESLSSPEPPSSSE,1
CASSLVVFSGRGGEQFF,WEDLFCDESLSSPEPPSSSE,1
CASRRQGGTEAFF,WEDLFCDESLSSPEPPSSSE,1
CASSRSHFVLDEQYF,WEDLFCDESLSSPEPPSSSE,1
CASSPSPSSQSRANVLTF,WEDLFCDESLSSPEPPSSSE,1
CASSSLNPICKNIQYF,WEDLFCDESLSSPEPPSSSE,1
CASRTSLVHVLDEQYF,WEDLFCDESLSSPEPPSSSE,1
CASSCSISFSETQYF,WEDLFCDESLSSPEPPSSSE,1
CASAKTVSHKSRANVLTF,WEDLFCDESLSSPEPPSSSE,1
CASSVAASMHKSRANVLTF,WEDLFCDESLSSPEPPSSSE,1
CASSQGLTTEQYF,WEDLFCDESLSSPEPPSSSE,1
CASSNRSRSNKSRANVLTF,WEDLFCDESLSSPEPPSSSE,1
CASSMVLYHDKSRANVLTF,WEDLFCDESLSSPEPPSSSE,1
CASSFGISRSF,WEDLFCDESLSSPEPPSSSE,1
CASSRLYRDGKIYGYTF,WEDLFCDESLSSPEPPSSSE,1
CASSSNHTHGKTYGYTF,WEDLFCDESLSSPEPPSSSE,1
CASRTSVPRKAYGYTF,WEDLFCDESLSSPEPPSSSE,1
CASRAWIGYRKTYGYTF,WEDLFCDESLSSPEPPSSSE,1
CASSFGNPICMQDTQYF,WEDLFCDESLSSPEPPSSSE,1
CASSHSSTLHKSGQLLTF,WEDLFCDESLSSPEPPSSSE,1
CASSNTIPIVLDEQYF,WEDLFCDESLSSPEPPSSSE,1
CASSQRGDGNTIYF,WEDLFCDESLSSPEPPSSSE,1
CASSACDCIRKIYGYTF,WEDLFCDESLSSPEPPSSSE,1
CASRRCIATQRKNIQYF,WEDLFCDESLSSPEPPSSSE,1
CASSIRTDTQYF,PQPELPYPQPQ,1
CASSIRSTDTQYF,PQPELPYPQPE,1
CASSIRATDTQYF,PQPELPYPQPE,1
CASSLRYTDTQYF,PQPELPYPQPE,1
CASSLRFTDTQYF,PQPELPYPQPE,1
CASSIRFTDTQYF,PQPELPYPQPE,1
CASSVRHTDTQYF,PQPELPYPQPE,1
CASSIRTGGDTQYF,PQPELPYPQPE,1
CASSLGGSTDTQYF,PQPELPYPQPE,1
CASSVRTGDSQPQHF,PQPELPYPQPE,1
CASSLRGLDMGTQYF,PQPELPYPQPE,1
CASSLRWGDEGEQYF,PQPELPYPQPE,1
CASSLRAGGNHEQYF,PQPELPYPQPE,1
CASSLRASGSHEQYF,PQPELPYPQPE,1
CASSLATRATYEQYF,PQPELPYPQPE,1
CASLLGRSNTGELFF,PQPELPYPQPE,1
CASSLRATDTQYF,PQPELPYPQPE,1
CASSLRSGGADTQYF,PQPELPYPQPE,1
CASSQVRETQCF,PQPELPYPQPE,1
CASSSDRNYGYTF,PQPELPYPQPE,1
CASSFPGALNYGYTF,PQPELPYPQPE,1
CASSFSGTSPYEQF,PQPELPYPQPE,1
CASSFGGGTYEQYF,PQPELPYPQPE,1
CASSLVERGPYEQYF,PQPELPYPQPE,1
CASSLVSGGMDEQF,PQPELPYPQPE,1
CASSLQASSYNEQF,PQPELPYPQPE,1
CASSPRGRNYEQYF,PQPELPYPQPE,1
CASSPEGVRVGYGYTF,PQPELPYPQPE,1
CASSLAGGLHTDTQYF,PQPELPYPQPE,1
CASSLAGPLRFNEQF,PQPELPYPQPE,1
CASSLMGLSNYGYTF,PQPELPYPQPE,1
CASSLSAGPGANVLTF,PQPELPYPQPE,1
CASSPWTSGSTYNEQF,PQPELPYPQPE,1
CASSLEGAFSANYGYTF,PQPELPYPQPE,1
CASSLRGTYGSGANVLTF,PQPELPYPQPE,1
CASSPQLGVPFF,PQPELPYPQPQ,1
CASSLNQGGGYTF,PQPELPYPQPQ,1
CASSTHRAEGELF,PQPELPYPQPQ,1
CASSFRLDRYGYTF,PQPELPYPQPQ,1
CASSQGQSSYNEQF,PQPELPYPQPQ,1
CASSVQGRVNTEAF,PQPELPYPQPQ,1
CASSAGTLPTGELF,PQPELPYPQPQ,1
CASSLARRFYNSPLHF,PQPELPYPQPQ,1
CASSLEGRGYTF,PQPELPYPQPQ,1
CASSLVGEKAFF,PQPELPYPQPQ,1
CASSLSRYEQF,PQPELPYPQPQ,1
CASSLAGVQPQHF,PQPELPYPQPQ,1
CASSSPVGGEQF,PQPELPYPQPQ,1
CASSSGGGYNEQF,PQPELPYPQPQ,1
CASSSLGGAETQYF,PQPELPYPQPQ,1
CASSSSQGNQPQHF,PQPELPYPQPQ,1
CASSKSRGSYEQYF,PQPELPYPQPQ,1
CASSPDGVNSPLHF,PQPELPYPQPQ,1
CASSPNRSGNTIYF,PQPELPYPQPQ,1
CASSTRQSAYEQYF,PQPELPYPQPQ,1
CASSLDAGNEKLF,PQPELPYPQPQ,1
CASSLALGDTTEAFF,PQPELPYPQPQ,1
CASSLARGVGNIQYF,PQPELPYPQPQ,1
CASSLEGQGISPLHF,PQPELPYPQPQ,1
CASSLELSGANVLTF,PQPELPYPQPQ,1
CASSLGIGPYNEQF,PQPELPYPQPQ,1
CASSVSFGQGYEQYF,PQPELPYPQPQ,1
CASSRGGTSGLHTQYF,PQPELPYPQPQ,1
CASSFQGGDGETQYF,PQPELPYPQPQ,1
CASSLVGGGESTEAF,PQPELPYPQPQ,1
CASSIRSTDTQYF,PQPELPYPQPQ,1
CASSLGQPSTDTQYF,PQPELPYPQPQ,1
CASSIRTSGAHEQYF,PQPELPYPQPQ,1
CASSLRAGGSHEQYF,PQPELPYPQPQ,1
CASSFQRGAADTQYF,PQPELPYPQPQ,1
CASSFRVGAVDTQYF,PQPELPYPQPQ,1
CASSIRWTDTQYF,PQPELPYPQPQ,1
CASSQVYGGDTQYF,PQPELPYPQPQ,1
CASSWTGGHTDTQYF,PQPELPYPQPQ,1
CASSEQREGEQYF,PQPELPYPQPQ,1
CASSIRAGGTDTQYF,PQPELPYPQPQ,1
CASSIRDTDTQYF,PQPELPYPQPQ,1
CASSIRTGDHEQYF,PQPELPYPQPQ,1
CASSIRTGGETQYF,PQPELPYPQPQ,1
CASSIRTTDTQYF,PQPELPYPQPQ,1
CASSIRYTDTQYF,PQPELPYPQPQ,1
CASSLASYGDTQYF,PQPELPYPQPQ,1
CASSLRFTDTQYF,PQPELPYPQPQ,1
CASSLVAYSGETQYF,PQPELPYPQPQ,1
CASSTRTTDTQYF,PQPELPYPQPQ,1
CASSTRWSDTQYF,PQPELPYPQPQ,1
CASSVRFTDTQYF,PQPELPYPQPQ,1
ATSIRFTDTQYF,PQPELPYPQPQ,1
CASSIRQGGNHEQYF,PQPELPYPQPQ,1
CASSFRSTDTQYF,PQPELPYPQPQ,1
CASSQDGQGPETQYF,PQPELPYPQPQ,1
CASSVRSTDTQYF,PQPELPYPQPQ,1
CASSFRVSDTQYF,PQPELPYPQPQ,1
CASSIRNTDTQYF,PQPELPYPQPQ,1
CASSLRAGGVDTQYF,PQPELPYPQPQ,1
CASSQPHRGDEQFF,PQPELPYPQPQ,1
CASSARFTDTQYF,PQPELPYPQPQ,1
CASSFRTSDTQYF,PQPELPYPQPQ,1
CASSLRSGDTQYF,PQPELPYPQPQ,1
CASSLVAWETQYF,PQPELPYPQPQ,1
CASSVRGGEADTQYF,PQPELPYPQPQ,1
CSVSGGPSTDTQYF,PFPQPELPY,1
CSVGQTDSPLHF,PFPQPELPY,1
CSAGQGGTGELFF,PFPQPELPY,1
CSVAALAGFQETQYF,PFPQPELPY,1
CSASRWRSTDTQYF,PFPQPELPY,1
CSAGVGGQETQYF,PFPQPELPY,1
CSAYRTWDQETQYF,PFPQPELPY,1
CSAREPDNTGELFF,PFPQPELPY,1
CSARGYGLANPYEQY,PFPQPELPY,1
CASSLASAGGTDTQYF,PFPQPELPY,1
CASSLNWDTEAFF,PFPQPELPY,1
CASSFSPAGSEAFF,PFPQPELPY,1
CASSLEGQGASEQFF,PFPQPELPY,1
CASSQGLAGVQETQYF,PFPQPELPY,1
CASSPTALGTDTQYF,PFPQPELPY,1
CASSFRFTDTQYF,PQPELPYPQ,1
CASSVRSTDTQYF,PQPELPYPQ,1
CASSFRALAADTQYF,PQPELPYPQ,1
CASSIRTSGDHEQYF,PQPELPYPQ,1
CASSQYQSLVRGNNEQFF,PQPELPYPQ,1
CASSFPQVTDTQYF,PQPELPYPQ,1
CASSHVDRGGETQYF,PQPELPYPQ,1
CASSLGQAYEQYF,FLRGRAYGL,1
CASSSGQAYEQYF,FLRGRAYGL,1
CASSKGPGGNYEQYF,TSFLSINSKEETGHL,1
CASSLGDRGNEKLFF,TSFLSINSKEETGHL,1
CASSLGTGGRDGYTF,NAQALNTLVKQLSSNFG,1
CASRRGTGGHTGELFF,IPTNFTISVTTEILP,1
CASSIVPLAGRNEQFF,LSYYKLGASQRVAGD,1
CASSQTFAEAFF,DQVILLNKHIDAY,1
CSARAEGQSTGELFF,RGHLRIAGHHLGRCDIKDLP,1
CASRRDLAAFF,VLNYQMKAFTTKAEMLESIG,1
CASSPGTGGRETQYF,VLNYQMKAFTTKAEMLESIG,1
CATSALGDTQYF,QLVHFVRDFAQ,1
CASSLADRVNTEAFF,VHFFKNIVTPRTPGG,1
CATSALGDTQYF,NPVVHFFKNIVTP,1
CATSALGDTQYF,RLLMLFAKDVVSR,1
CASSLAQGGETQYF,QAFWIDLFETI,1
CSVALGSDTGELFF,QPFPQPELPYGSGGS,1
CSVALGSDTGELFF,QPFPQPEQPFPGS,1
CATSDFETGTREPNTGELFF,HNLDLAEKDFMVNTVAGAMK,1
CASSNPTGNFGFLGYGYTF,HNLDLAEKDFMVNTVAGAMK,1
CASSLWGTGVQGTGELFF,HNLDLAEKDFMVNTVAGAMK,1
CASSSEGGLAGIPPEQYF,HNLDLAEKDFMVNTVAGAMK,1
CSARDPRWGSSHNEQFF,HNLDLAEKDFMVNTVAGAMK,1
CATSRDRGGGLTDTQYF,HNLDLAEKDFMVNTVAGAMK,1
CASSIEDVTAANYGYTF,HNLDLAEKDFMVNTVAGAMK,1
CASSEASTGGPTGELFF,HNLDLAEKDFMVNTVAGAMK,1
CSAYYIGEAGGNYGYTF,HNLDLAEKDFMVNTVAGAMK,1
CASSLNPTGVGDYGYTF,HNLDLAEKDFMVNTVAGAMK,1
CASSQGLLLSTYEQYF,HNLDLAEKDFMVNTVAGAMK,1
CSARDLADYSNQPQHF,HNLDLAEKDFMVNTVAGAMK,1
CASSGGTVDYNSPLHF,HNLDLAEKDFMVNTVAGAMK,1
CASSLGGTGGRNIQYF,HNLDLAEKDFMVNTVAGAMK,1
CATSDSGRGGTGELFF,HNLDLAEKDFMVNTVAGAMK,1
CASSVGGGVTDTQYF,HNLDLAEKDFMVNTVAGAMK,1
CASTPDRDGQETQYF,HNLDLAEKDFMVNTVAGAMK,1
CASSLEVQQNQPQHF,HNLDLAEKDFMVNTVAGAMK,1
CASSRGGQGFHEQYF,HNLDLAEKDFMVNTVAGAMK,1
CAISESNSVAGELFF,HNLDLAEKDFMVNTVAGAMK,1
CASSQDSSGYSEQYF,HNLDLAEKDFMVNTVAGAMK,1
CASSLLAGGQETQYF,HNLDLAEKDFMVNTVAGAMK,1
CASSSLAGPSYEQYF,HNLDLAEKDFMVNTVAGAMK,1
CASSFYSGGVYEQYF,HNLDLAEKDFMVNTVAGAMK,1
CASSLSYGHYNEQFF,HNLDLAEKDFMVNTVAGAMK,1
CASRNPGHRSYEQYF,HNLDLAEKDFMVNTVAGAMK,1
CASAIGAGRKDTQYF,HNLDLAEKDFMVNTVAGAMK,1
CASSHPREGEETQYF,HNLDLAEKDFMVNTVAGAMK,1
CASSQERGAYNEQYF,HNLDLAEKDFMVNTVAGAMK,1
CATSRARQGAYEQYF,HNLDLAEKDFMVNTVAGAMK,1
CSARAPDRVDEKLFF,HNLDLAEKDFMVNTVAGAMK,1
CASSFSDLYAETQYF,HNLDLAEKDFMVNTVAGAMK,1
CASSSTPSGYNEQYF,HNLDLAEKDFMVNTVAGAMK,1
CASSLTGWNTEAFF,HNLDLAEKDFMVNTVAGAMK,1
CAWSGGHTQAEAFF,HNLDLAEKDFMVNTVAGAMK,1
CASSQDLGNTEAFF,HNLDLAEKDFMVNTVAGAMK,1
CASSSGGTGEKLFF,HNLDLAEKDFMVNTVAGAMK,1
CSARDIGGGTEAFF,HNLDLAEKDFMVNTVAGAMK,1
CASSPTQGGYSQYF,HNLDLAEKDFMVNTVAGAMK,1
CASSRSSPTDTQYF,HNLDLAEKDFMVNTVAGAMK,1
CSAQSSTIRNEQFF,HNLDLAEKDFMVNTVAGAMK,1
CASSWGQVNTEAFF,HNLDLAEKDFMVNTVAGAMK,1
CASSDTGGIYEQYF,HNLDLAEKDFMVNTVAGAMK,1
CASKRWLTDNEQFF,HNLDLAEKDFMVNTVAGAMK,1
CASRGETGLTEAFF,HNLDLAEKDFMVNTVAGAMK,1
CASSEGVLDYGYTF,HNLDLAEKDFMVNTVAGAMK,1
CSAFTDSTDTQYF,HNLDLAEKDFMVNTVAGAMK,1
CASSAAGGETQYF,HNLDLAEKDFMVNTVAGAMK,1
CASSQAGNNEQFF,HNLDLAEKDFMVNTVAGAMK,1
CSVGLGGGTEAFF,HNLDLAEKDFMVNTVAGAMK,1
CASSFSADEQYF,HNLDLAEKDFMVNTVAGAMK,1
CAWSVDWREQYF,HNLDLAEKDFMVNTVAGAMK,1
CSARGYTEAFF,HNLDLAEKDFMVNTVAGAMK,1
CASGWGDEQYF,HNLDLAEKDFMVNTVAGAMK,1
CASSLAFPGNLAGANVLTF,GEIPLHRSDRVKVLSI,1
CASSRGEDLGPVVYEQYF,GEIPLHRSDRVKVLSI,1
CASSPGLAGGGGQETQYF,GEIPLHRSDRVKVLSI,1
CASSSGLAGDPSYEQYF,GEIPLHRSDRVKVLSI,1
CASSPSRGSGGYNEQFF,GEIPLHRSDRVKVLSI,1
CASSLGTGDYSNQPQHF,GEIPLHRSDRVKVLSI,1
CASSKNRGLAGYNEQFF,GEIPLHRSDRVKVLSI,1
CASSFGSGISGRNEQFF,GEIPLHRSDRVKVLSI,1
CASTSTWGSSYNSPLHF,GEIPLHRSDRVKVLSI,1
CASSLGTGHYSNQPQHF,GEIPLHRSDRVKVLSI,1
CASSQGGVGAANEKLFF,GEIPLHRSDRVKVLSI,1
CASSQVTGTSGRDEQFF,GEIPLHRSDRVKVLSI,1
CASSLLHGLYTSYEQYF,GEIPLHRSDRVKVLSI,1
CASSLPDWEKPNEQFF,GEIPLHRSDRVKVLSI,1
CASSTHFGINTGELFF,GEIPLHRSDRVKVLSI,1
CASSPRGLSMMAEAFF,GEIPLHRSDRVKVLSI,1
CAISPGRKLTQETQYF,GEIPLHRSDRVKVLSI,1
CSARDSQRDDYNEQFF,GEIPLHRSDRVKVLSI,1
CASSLDPAAGDYGYTF,GEIPLHRSDRVKVLSI,1
CASRPSAFATNEKLFF,GEIPLHRSDRVKVLSI,1
CASSVTSGAQGDEQFF,GEIPLHRSDRVKVLSI,1
CASSLGGRAGTDTQYF,GEIPLHRSDRVKVLSI,1
CASSWGLAGNEDTQYF,GEIPLHRSDRVKVLSI,1
CASSYSSTSRSIEQYF,GEIPLHRSDRVKVLSI,1
CASSLTGQELGNTIYF,GEIPLHRSDRVKVLSI,1
CASSSSGQGAPGEQYF,GEIPLHRSDRVKVLSI,1
CASSPAGSSGANVLTF,GEIPLHRSDRVKVLSI,1
CASSAGTYSYNEQFF,GEIPLHRSDRVKVLSI,1
CASSLLGDSNQPQHF,GEIPLHRSDRVKVLSI,1
CASSLGGGQNQPQHF,GEIPLHRSDRVKVLSI,1
CASSQDGLTDEKLFF,GEIPLHRSDRVKVLSI,1
CASRPGAGLSYEQYF,GEIPLHRSDRVKVLSI,1
CASSLTSGRYNEQFF,GEIPLHRSDRVKVLSI,1
CASSPDRSTNTEAFF,GEIPLHRSDRVKVLSI,1
CASSDTSTGTQPQHF,GEIPLHRSDRVKVLSI,1
CATSEGTGVNTEAFF,GEIPLHRSDRVKVLSI,1
CASSGTSGPTGELFF,GEIPLHRSDRVKVLSI,1
CASSYSGPRLDTQYF,GEIPLHRSDRVKVLSI,1
CASSPSRASMVEQYF,GEIPLHRSDRVKVLSI,1
CSARDPGAYRDEQFF,GEIPLHRSDRVKVLSI,1
CASSEHSQRFYGYTF,GEIPLHRSDRVKVLSI,1
CASSPTLSLAGELFF,GEIPLHRSDRVKVLSI,1
CASSPRPLTSHEQYF,GEIPLHRSDRVKVLSI,1
CASSSLAEHYNEQFF,GEIPLHRSDRVKVLSI,1
CASSGLAGEGETQYF,GEIPLHRSDRVKVLSI,1
CASSLGDRLNTEAFF,GEIPLHRSDRVKVLSI,1
CSASDPGHNQETQYF,GEIPLHRSDRVKVLSI,1
CSATPASGNQETQYF,GEIPLHRSDRVKVLSI,1
CASSFLAGPFHEQFF,GEIPLHRSDRVKVLSI,1
CASSRGGVYNSPLHF,GEIPLHRSDRVKVLSI,1
CASSDAWDIQGEQFF,GEIPLHRSDRVKVLSI,1
CASSYGQIDNSPLHF,GEIPLHRSDRVKVLSI,1
CASSIDRRKEETQYF,GEIPLHRSDRVKVLSI,1
CASSYTTGSDQPQHF,GEIPLHRSDRVKVLSI,1
CASSPQGPSGNTIYF,GEIPLHRSDRVKVLSI,1
CATSRGGSSYNEQFF,GEIPLHRSDRVKVLSI,1
CASSLEGERFYGYTF,GEIPLHRSDRVKVLSI,1
CASTPLGRDIQPQHF,GEIPLHRSDRVKVLSI,1
CASTSGGGFSYEQYF,GEIPLHRSDRVKVLSI,1
CASSQDGGFDSPLHF,GEIPLHRSDRVKVLSI,1
CASIQQEDNQPQHF,GEIPLHRSDRVKVLSI,1
CSARVKARGTEAFF,GEIPLHRSDRVKVLSI,1
CASSPNRMNTEAFF,GEIPLHRSDRVKVLSI,1
CASSQFSLADTQYF,GEIPLHRSDRVKVLSI,1
CSVVRIKTGGEQFF,GEIPLHRSDRVKVLSI,1
CASTGGRYYYEQFF,GEIPLHRSDRVKVLSI,1
CASRQQGAVNTIYF,GEIPLHRSDRVKVLSI,1
CASSQRDRPLKAFF,GEIPLHRSDRVKVLSI,1
CASSFLGSGRGDYF,GEIPLHRSDRVKVLSI,1
CASSDGAGENIQYF,GEIPLHRSDRVKVLSI,1
CASSPWLPLNEQFF,GEIPLHRSDRVKVLSI,1
CASSSGTILHEQYF,GEIPLHRSDRVKVLSI,1
CSARLGGFYNEQFF,GEIPLHRSDRVKVLSI,1
CASSGDIPSNEQFF,GEIPLHRSDRVKVLSI,1
CASSDRDTGNTIYF,GEIPLHRSDRVKVLSI,1
CASAVDRNSYEQYF,GEIPLHRSDRVKVLSI,1
CASSSSRSGETQYF,GEIPLHRSDRVKVLSI,1
CASSWSGLQETQYF,GEIPLHRSDRVKVLSI,1
CASSQEWRGDTQYF,GEIPLHRSDRVKVLSI,1
CASSPGTGSRGYTF,GEIPLHRSDRVKVLSI,1
CASSQDLGEKLFF,GEIPLHRSDRVKVLSI,1
CASSLSMNTEAFF,GEIPLHRSDRVKVLSI,1
CASSAGQFYGYTF,GEIPLHRSDRVKVLSI,1
CASSQDRNEKLFF,GEIPLHRSDRVKVLSI,1
CASSPDSPYEQYF,GEIPLHRSDRVKVLSI,1
CASRGTGSYEQYF,GEIPLHRSDRVKVLSI,1
CASSLDSTGELFF,GEIPLHRSDRVKVLSI,1
CASRGTGVYEQYF,GEIPLHRSDRVKVLSI,1
CASSPRGPDTQYF,GEIPLHRSDRVKVLSI,1
CSASTGAPYEQYF,GEIPLHRSDRVKVLSI,1
CASRRQEGYGYTF,GEIPLHRSDRVKVLSI,1
CASSQGGLNEQFF,GEIPLHRSDRVKVLSI,1
CASAGVSNQPQHF,GEIPLHRSDRVKVLSI,1
CASREGARGGYTF,GEIPLHRSDRVKVLSI,1
CSAPDRGQVEQYF,GEIPLHRSDRVKVLSI,1
CASSIQLSYEQYF,GEIPLHRSDRVKVLSI,1
CSAAGTGYEKLFF,GEIPLHRSDRVKVLSI,1
CASGSRGTETQYF,GEIPLHRSDRVKVLSI,1
CASSPSRTGELFF,GEIPLHRSDRVKVLSI,1
CASSRDRFLEQYF,GEIPLHRSDRVKVLSI,1
CASSQTRYNEQFF,GEIPLHRSDRVKVLSI,1
CASIQTFLYGYTF,GEIPLHRSDRVKVLSI,1
CASSLGNQPQHF,GEIPLHRSDRVKVLSI,1
CACTGYAGELFF,GEIPLHRSDRVKVLSI,1
CASNGWNEKLFF,GEIPLHRSDRVKVLSI,1
CASSGTTDTQYF,GEIPLHRSDRVKVLSI,1
CASRTYTDTQYF,GEIPLHRSDRVKVLSI,1
CASSLGGDIQYF,GEIPLHRSDRVKVLSI,1
CASSLVNTEAFF,HYNYMCNSSSCMGSMN,1
CASSSRDRGFF,GEIPLHRSDRVKVLSI,1
CASSLGQGRYF,GEIPLHRSDRVKVLSI,1
CASGQGRYF,GEIPLHRSDRVKVLSI,1
CSPGHGYTF,GEIPLHRSDRVKVLSI,1
CASSLLTSGAPRDTQYF,GPPAHVENAIARGIH,1
CASSYSLYGRAGDEQYF,GPPAHVENAIARGIH,1
CASSLDWGLAYGDTQYF,GPPAHVENAIARGIH,1
CATSPSAGSGIRAQYF,GPPAHVENAIARGIH,1
CASSTHFGINTGELFF,GPPAHVENAIARGIH,1
CSASPTGTSRLDTQYF,GPPAHVENAIARGIH,1
CASSVGLGRGYEQYF,GPPAHVENAIARGIH,1
CASSVGLGRNYGYTF,GPPAHVENAIARGIH,1
CASSRDSLSNQPQHF,GPPAHVENAIARGIH,1
CASSSPGRGNSPLHF,GPPAHVENAIARGIH,1
CASSSPVGGAYEQYF,GPPAHVENAIARGIH,1
CASSVGEGRTYEQYF,GPPAHVENAIARGIH,1
CASSETGGGNQPQHF,GPPAHVENAIARGIH,1
CASGGGQSPYNEQFF,GPPAHVENAIARGIH,1
CASIDGPGQVGELFF,GPPAHVENAIARGIH,1
CASSLGTGNTYEQYF,GPPAHVENAIARGIH,1
CASRRGDESTDTQYF,GPPAHVENAIARGIH,1
CASSQVRAPGNTIYF,GPPAHVENAIARGIH,1
CASSVGLGRDYGYTF,GPPAHVENAIARGIH,1
CASSQPGQGSNEQFF,GPPAHVENAIARGIH,1
CASSLSVNFYNEQFF,GPPAHVENAIARGIH,1
CSARDPRVLTDTQYF,GPPAHVENAIARGIH,1
CASSQVGRAYEQYF,GPPAHVENAIARGIH,1
CASSLDSLNTEAFF,GPPAHVENAIARGIH,1
CASSQDANSYEQYF,GPPAHVENAIARGIH,1
CASSQSGGRYEQYF,GPPAHVENAIARGIH,1
CASRILAGVYEQYF,GPPAHVENAIARGIH,1
CASSPERVGDTQYF,GPPAHVENAIARGIH,1
CASSQDALAGELFF,GPPAHVENAIARGIH,1
CSARRRVGHGEQYF,GPPAHVENAIARGIH,1
CATSRDISGETQYF,GPPAHVENAIARGIH,1
CSASGAGGGSEQFF,GPPAHVENAIARGIH,1
CASSISAGGDGYTF,NTFRHSVVVPCEPPE,1
CASSAQTGGELFF,GPPAHVENAIARGIH,1
CASSLERDYEQYF,GPPAHVENAIARGIH,1
CASSLSVNQPQHF,GPPAHVENAIARGIH,1
CSASRGRLQPQHF,GPPAHVENAIARGIH,1
CASSLEGDTEAFF,GPPAHVENAIARGIH,1
CSASGKQETQYF,GPPAHVENAIARGIH,1
CSARGRSDTQYF,GPPAHVENAIARGIH,1
CASSPFVVIGQINEQYF,HMTEVVRHC,1
CASSYAGLAAPREQFF,HMTEVVRHC,1
CASSEYQSQSNEQFF,HMTEVVRHC,1
CASGLVGFNQPQHF,HMTEVVRHC,1
CASSINRYTEAFF,HMTEVVRHC,1
CASLQFNEQFF,HMTEVVRHC,1
CATRTGNEAFF,HMTEVVRHC,1
CASRNLGLNTEAF,TNFKYNYSVIEGGPI,0
CASSFRRVTDTQYF,GEIPLHRSDRVKVLSI,0
CASSLATSGGGSDTQYF,GEIPLHRSDRVKVLSI,0
CASSLAVIRTDTQYF,IPTNFTISVTTEILP,0
CASSLGQGETEAF,HMTEVVRHC,0
CASSQVRLAGGGEQF,QAFWIDLFETI,0
CSVEATRADTQYF,GPPAHVENAIARGIH,0
CASRPVAGLPHF,PQPELPYPQ,0
CASSFRSTDTQYF,KRGIVEQSSTSISSL,0
CASSIVDRGGETQYF,NAQALNTLVKQLSSNFG,0
CASSLGYGVSTGELF,NAQALNTLVKQLSSNFG,0
CASSLRAWETQYF,KRGIVEQSSTSISSL,0
CASSLRSTDTQYF,RGHLRIAGHHLGRCDIKDLP,0
CASSLRWGDGGKLF,QPFPQPELPYGSGGS,0
CASSQGGDRGESEAF,KRGIVEQSSTSISSL,0
CASSVRTLDTGELF,ADTLQSIGATTVASN,0
CATSSRMGGDTQYF,RLLMLFAKDVVSR,0
CASSVALAGAEYF,WEDLFCDESLSSPEPPSSSE,0
CASSVALASGANVLTF,TSFLSINSKEETGHL,0
CASSVALQGVHTQYF,QPFPQPEQPFPGS,0
CASSVALATGEQYF,PQPELPYPQPQ,0
CASSINALVGEQFF,KRGIVEQCCTSISSL,0
CASSPAFSTDTQYF,TSFLSINSKEETGHL,0
CASSLDGLTNTEAFF,DTLEKISNEIKIVATP,0
CSATLGGDYGYTF,NAQALNTLVKQLSSNFG,0
CSAQLAGGGGDTQYF,TNFKYNYSVIEGGPI,0
CSAFPGGDTEAFF,TNFKYNYSVIEGGPI,0
CASSYVGGDTDTQYF,ILKISNKYHTKGDH,0
CSARDLRETNEKLFF,GPPAHVENAIARGIH,0
CSARDGPTNEKLFF,VLNYQMKAFTTKAEMLESIG,0
CASRLRRSTDTQYF,PQQPFPQPEQPFP,0
CASSMGGALEKLFF,KRGIVEQSSTSISSL,0
CASSLRANPGYEQYF,RGHLRIAGHHLGRCDIKDLP,0
CASSLARGTLYEQYF,ADTLQSIGATTVASN,0
CAISAETLNEKLFF,ADTLQSIGATTVASN,0
CASSPQQVLGEAFF,PFPQPELPY,0
CAIREDRNNYGYTF,VHFFKNIVTPRTPGG,0
CASSPRGGSYNEQFF,ILKISNKYHTKGDH,0
CASSRGRGSYNEQFF,PQPELPYPQPE,0
CASSKGTGVSTDTQYF,PQPELPYPQ,0
CASSRTNEKLFF,NPVVHFFKNIVTP,0
CASSLARGTLYEQYF,TSFLSINSKEETGHL,0
CASSEEQGAIAFF,NTFRHSVVVPCEPPE,0
CASSLTSGLKKQYF,TSFLSINSKEETGHL,0
CASSESGGLGGYTF,RGHLRIAGHHLGRCDIKDLP,0
CASKEKQSRANVLTF,QPFPQPELPYGSGGS,0
CASSGVLPIVMQDTQYF,GEIPLHRSDRVKVLSI,0
CATSDRLRYQQSRANVLTF,PQQPFPQPEQPFP,0
CASSRWHPSDNEQFF,QAFWIDLFETI,0
CASSYNSPRGGQPQHF,RGHLRIAGHHLGRCDIKDLP,0
CATSQLLGVGELFF,IPTNFTISVTTEILP,0
CPGSGTEQSRANVLTF,QAFWIDLFETI,0
CASSVEVYNSPLHF,QPFPQPEQPFPGS,0
CASSGQLQSRANVLTF,GEIPLHRSDRVKVLSI,0
CASKNSRKTYGYTF,ILKISNKYHTKGDH,0
CASSLEHALRKTYGCTF,QLQPFPQPELPY,0
CASTYPANYGYTF,FLRGRAYGL,0
CASSFRGSMNTGELFF,RLLMLFAKDVVSR,0
CARSRSMVRKTYGYTF,TNFKYNYSVIEGGPI,0
CASSNVGPYDKSRANVLTF,QLQPFPQPELPY,0
CASSTTVSGNTIYF,KRGIVEQCCTSISSL,0
CASSVRSRSRKIYGHTF,PQPELPYPQPQ,0
CASSQRGGQEAFF,NTFRHSVVVPCEPPE,0
CASRHMLATLLDEQYF,ADTLQSIGATTVASN,0
CASSYSSFMVGELFF,HMTEVVRHC,0
CASSTRVPINIQYF,DTLEKISNEIKIVATP,0
CASSGGPTPSQSRANVLTF,KRGIVEQSSTSISSL,0
YASSKNNFDGKTYG,ILKISNKYHTKGDH,0
CASSVKSALRKTYGCTF,PQQPFPQPEQPFP,0
CASSLRGLPEQYF,NAQALNTLVKQLSSNFG,0
CASSLVEYHGKIYGYTF,PQPELPYPQPQ,0
CASSRLRLVMQDTQYF,RLLMLFAKDVVSR,0
CASSLRGAGEKLFF,DTLEKISNEIKIVATP,0
CASSYGASGRQETQYF,HNLDLAEKDFMVNTVAGAMK,0
CASSLRGGGEKLFF,HMTEVVRHC,0
CASGTKSVRKNYGYTF,DTLEKISNEIKIVATP,0
CASLLAQSRANVLTF,IPTNFTISVTTEILP,0
CSALHRMFRKTYGYTF,NPVVHFFKNIVTP,0
CASNIRREYTSRANVLTF,TNFKYNYSVIEGGPI,0
CASRLGLATPSDNEQFF,TSFLSINSKEETGHL,0
WQLRAYSRKTYGYTF,ILKISNKYHTKGDH,0
CASSLPIATRVDEQYF,TSFLSINSKEETGHL,0
CASSKRSPISYNNSPLHF,TNFKYNYSVIEGGPI,0
CASSAYSPISHSDNEQFF,RGHLRIAGHHLGRCDIKDLP,0
CASSPGGRGGEQYF,TSFLSINSKEETGHL,0
VPAARWVPFHSDNEQFF,PQPELPYPQPQ,0
CASSVRSRSRKIYGYTF,VLNYQMKAFTTKAEMLESIG,0
CASSLVRWLQSRANVLTF,VHFFKNIVTPRTPGG,0
CTSSRSRFAQSRANVLTF,IPTNFTISVTTEILP,0
CASSQRGSYEQYF,VHFFKNIVTPRTPGG,0
CASYSNPGKTYGYTF,PQPELPYPQPE,0
CASRVFLAKQRKNIQYF,PQPELPYPQPE,0
CSATTRVRNQPQHF,HNLDLAEKDFMVNTVAGAMK,0
CASSVIQPYGKNYGYTF,QPFPQPEQPFPGS,0
CASSQKLARLGELFF,HNLDLAEKDFMVNTVAGAMK,0
CASSGLLSAQSRANVLTF,FLRGRAYGL,0
CATTERDSGTRSRNEQYF,DTLEKISNEIKIVATP,0
CASSLARDRIREQYF,PQPELPYPQ,0
CASSNSYPISIHTEAFF,NAQALNTLVKQLSSNFG,0
CASSTFVCGRKTYGYTF,HMTEVVRHC,0
CASGLANAGQSRANVLTF,PQQPFPQPEQPFP,0
CASSYWRLPQSRANVLTF,NPVVHFFKNIVTP,0
CASRRGLATWHHQPQHF,QLVHFVRDFAQ,0
CASSLEKDAQSRANVLTF,PFPQPELPY,0
CASSSRAECGKTYGYTF,HNLDLAEKDFMVNTVAGAMK,0
CASSHGTSGRSTYEQYF,ILKISNKYHTKGDH,0
CATSAVNCTRKTYGYTF,ADTLQSIGATTVASN,0
CASAEGFPFRVDEQYF,NTFRHSVVVPCEPPE,0
CASSLARVGNTQYF,PQQPFPQPEQPFP,0
CASRNALLQQSRANVLTF,DQVILLNKHIDAY,0
CGKRHKITQSRANVLTF,PQPELPYPQ,0
CASGRGYEQYV,KRGIVEQSSTSISSL,0
CASSIVGVPQSRANVLTF,ADTLQSIGATTVASN,0
CASSVWSRSRKIYGYTF,RLLMLFAKDVVSR,0
CASSSNIVPQSRANVLTF,GPPAHVENAIARGIH,0
CASSGSCPIVMQDTQYF,PQPELPYPQPE,0
CASSLSSPIVMQDTQYF,NPVVHFFKNIVTP,0
CASSQSVPGKTYGYTF,DQVILLNKHIDAY,0
CASSVHHPICHEDTQYF,FLRGRAYGL,0
YSSEDGRLLVDNEKLFF,GEIPLHRSDRVKVLSI,0
CASRVRLANRKTYGYTF,PQPELPYPQ,0
CASSESVWYRKTYGYTF,RGHLRIAGHHLGRCDIKDLP,0
CASSLFRRLQSRANVLTF,HMTEVVRHC,0
CASSQGRGWQTQYF,QAFWIDLFETI,0
CASSGDCPIFGHHQPQHF,PQQPFPQPEQPFP,0
CTSRTTGFAQSRANVLTF,KRGIVEQCCTSISSL,0
CASSSTRPISNSDNEQFF,TSFLSINSKEETGHL,0
CASSLMSLTTGELFF,NPVVHFFKNIVTP,0
CASSLRGAGNIQYF,RLLMLFAKDVVSR,0
CASSLSRQSRANVLTF,GEIPLHRSDRVKVLSI,0
CASSEITPFVLDEQYF,ILKISNKYHTKGDH,0
CAEVESRQSRANVLTF,DTLEKISNEIKIVATP,0
CASSLLRAPREPSPYEQYF,NAQALNTLVKQLSSNFG,0
CASSYEVSISGLTRQLFF,TNFKYNYSVIEGGPI,0
CASSSVPFVMQDTQYF,ILKISNKYHTKGDH,0
CASSNFFPISCLDEQYF,NAQALNTLVKQLSSNFG,0
CASSLIVLHHSDNEQFF,NAQALNTLVKQLSSNFG,0
CASSVLGKTYGYTF,NPVVHFFKNIVTP,0
CTSRARRLYTSRANVLTF,NAQALNTLVKQLSSNFG,0
CASSRGVLHWHHQPQHF,PQPELPYPQPE,0
CASSRSAQSRANVLTF,IPTNFTISVTTEILP,0
CASSGECYRYSRANVLTF,HNLDLAEKDFMVNTVAGAMK,0
CASSIDTVVRKNYGYTF,QLQPFPQPELPY,0
CASSLGRGYGYTF,KRGIVEQSSTSISSL,0
CASSEPPPIVMQDTQYF,GPPAHVENAIARGIH,0
CASSSPSPICLQDTQYF,QPFPQPEQPFPGS,0
CASSSSPTISGLTGELFF,GPPAHVENAIARGIH,0
CASSNPIPIVMQDTQYF,HNLDLAEKDFMVNTVAGAMK,0
CASRGRLDTIRTEAFF,GPPAHVENAIARGIH,0
CASSFRGGGEKLFF,DTLEKISNEIKIVATP,0
CASSWNVPFSETQYF,GPPAHVENAIARGIH,0
CASSLSLAGEGDTQYF,HNLDLAEKDFMVNTVAGAMK,0
CSARQGWADTQYF,QPFPQPELPYGSGGS,0
YASSKYARRQSRANVLTF,ADTLQSIGATTVASN,0
CASSRRYSISGLTGELFF,RGHLRIAGHHLGRCDIKDLP,0
CASGCGAGQSRANVLTF,PQQPFPQPEQPFP,0
CASRAIIAQQRKNIQYF,PQPELPYPQ,0
CASSGPRRSQKTYGYTF,VLNYQMKAFTTKAEMLESIG,0
CATSTYSSKQSRANVLTF,KRGIVEQCCTSISSL,0
CASSGKSSYGKTYGYTF,PQPELPYPQ,0
CASDHVLCVQSRANVLTF,TSFLSINSKEETGHL,0
CASSRRGSGANVLTF,QPFPQPEQPFPGS,0
CASSRGAVIGQSRANVLTF,VLNYQMKAFTTKAEMLESIG,0
CSAAKWMFRKTYGYTF,LSYYKLGASQRVAGD,0
CASSVCDALRKTYGYTF,PQQPFPQPEQPFP,0
CGTVQKITQSRANVLTF,PFPQPELPY,0
CGTRKKITQSRANVLTF,DQVILLNKHIDAY,0
CASSTEGSYEQYF,PFPQPELPY,0
CASSLGGANVLTF,FLRGRAYGL,0
CASSRSAPIQSRANVLTF,IPTNFTISVTTEILP,0
CASSQRGENIQYF,PQPELPYPQ,0
CASSHRDPIFHSDNEQFF,PQQPFPQPEQPFP,0
CASSDEHKVPQSRANVLTF,KRGIVEQCCTSISSL,0
CASSSTLCIEQSRANVLTF,TSFLSINSKEETGHL,0
CATRIATGQGAVDRGDTQYF,QPFPQPEQPFPGS,0
CASSQHIPICKKNIQYF,IPTNFTISVTTEILP,0
CASSASCPIVMQDTQYF,GPPAHVENAIARGIH,0
CASSELSGRRKNYGYTF,KRGIVEQSSTSISSL,0
CASSKTYGYTF,IPTNFTISVTTEILP,0
CASRGTGGNEQFF,RGHLRIAGHHLGRCDIKDLP,0
CASSQRGDNYGYTF,NTFRHSVVVPCEPPE,0
CASSAWSPHSDNEQFF,PQPELPYPQPQ,0
CASSPTQGIQPQHF,IPTNFTISVTTEILP,0
CASRDTMLHVLDEQYF,ILKISNKYHTKGDH,0
CASSIPIDLGRAYGYTF,RLLMLFAKDVVSR,0
CASSLRGAPGYTF,TSFLSINSKEETGHL,0
CASRPLVANHSDNEQFF,QPFPQPELPYGSGGS,0
CASGKKNAGQSRANVLTF,PQPELPYPQ,0
CASSQRGSYNDQFF,LSYYKLGASQRVAGD,0
CASRRVSSTQSRANVLTF,PQQPFPQPEQPFP,0
CTSRTGGLCQSRANVLTF,KRGIVEQCCTSISSL,0
CASSVSPHEEQSRANVLTF,FLRGRAYGL,0
CASSPTRPFVLDEQYF,PFPQPELPY,0
CASTRRGEQTQYF,QLQPFPQPELPY,0
CASSQRGSGNTIYF,PQQPFPQPEQPFP,0
CASSRGFTLRKNYGYTF,QPFPQPEQPFPGS,0
CASSWSTSRQSRANVLTF,KRGIVEQCCTSISSL,0
CASSTSSESRQSRANVLTF,GPPAHVENAIARGIH,0
CASSLIKASRKTYGYTF,QPFPQPEQPFPGS,0
CASSLGQGFSPLHF,NPVVHFFKNIVTP,0
CTSRSRPQGRANVLTF,KRGIVEQCCTSISSL,0
CTSRSRPQSRANVLTF,PQPELPYPQ,0
CASSQAKYHGKIYGCTF,TNFKYNYSVIEGGPI,0
CASSRDLWHRQSRANVLTF,TSFLSINSKEETGHL,0
CARISRQSRANVLTF,QLVHFVRDFAQ,0
CASRERLATTIRTEAFF,RGHLRIAGHHLGRCDIKDLP,0
CASSGSRRSHKGRANVLTF,NPVVHFFKNIVTP,0
CASSLDSAYEQFF,TNFKYNYSVIEGGPI,0
CAISRWLCIQSRANVLTF,PQPELPYPQPQ,0
CASSAVPVPQSRANVLTF,PFPQPELPY,0
CASSEGDPRRKTYGYTF,QLQPFPQPELPY,0
CASSRRKDAYKSRANVLTF,NPVVHFFKNIVTP,0
CASSKAPPIVMQDTQYF,TNFKYNYSVIEGGPI,0
CASSLMHPIVMQDTQYF,IPTNFTISVTTEILP,0
CASSISFSETQYF,DQVILLNKHIDAY,0
CASSFKGKCRKIYGYTF,ILKISNKYHTKGDH,0
CASSGSNYPQSRANVLTF,PQQPFPQPEQPFP,0
CASSSPSPISNSDNEQFF,GEIPLHRSDRVKVLSI,0
CASRRTGGETQYF,QLQPFPQPELPY,0
CASSKTLAGPQETQYF,ADTLQSIGATTVASN,0
CASSHSSNLGKTYGYTF,QLQPFPQPELPY,0
CASSPVVVQHARNTIYF,ADTLQSIGATTVASN,0
CASSLPFPICQQDTQYF,HMTEVVRHC,0
CASSYISPRGGYEQYF,GEIPLHRSDRVKVLSI,0
CASSFSPLWHHQPQHF,ADTLQSIGATTVASN,0
CASRLHVATPSDNEQFF,PQPELPYPQPQ,0
CASSFFSECNKSRANVLTF,QLVHFVRDFAQ,0
CASSLKGAIEQYF,NTFRHSVVVPCEPPE,0
CASSLNLLQQRKNIQYF,NPVVHFFKNIVTP,0
CTSRFNLATTIRTEAFF,HNLDLAEKDFMVNTVAGAMK,0
CAWGQGRYKQSRANVLTF,QPFPQPEQPFPGS,0
CASSDFVATTIRTEAFF,TSFLSINSKEETGHL,0
CASSVLQKCRKTYGYTF,PQQPFPQPEQPFP,0
CASSDDMLHHSDNEQFF,NTFRHSVVVPCEPPE,0
CASSRHLQHARNTIYF,DQVILLNKHIDAY,0
CASRIPIATQFRTEAFF,PQPELPYPQPQ,0
CASSSRGSGEKLFF,TNFKYNYSVIEGGPI,0
CASTQRGGHEQYF,KRGIVEQSSTSISSL,0
CGISQTQSRANVLTF,VLNYQMKAFTTKAEMLESIG,0
CASSWLSPIFWHHQPQHF,KRGIVEQCCTSISSL,0
CASRRIVLHVLDEQYF,GEIPLHRSDRVKVLSI,0
CASRHFLVHWHHQPQHF,ADTLQSIGATTVASN,0
CASSPMSLRGNEQFF,QPFPQPELPYGSGGS,0
CASSTIIATHNHNSPLHF,IPTNFTISVTTEILP,0
CASSCMPPQSRANVLTF,PQPELPYPQ,0
CATSAISGTRKTYGYTF,KRGIVEQSSTSISSL,0
CASSDSPHHGKTYGYTF,PFPQPELPY,0
CASSKLLNRTKSGHVLTF,QPFPQPELPYGSGGS,0
CATSSSYSYQQSRANVLTF,QLQPFPQPELPY,0
CASSQRGGKGNTIYF,TSFLSINSKEETGHL,0
CASRTRGGPEAFF,GPPAHVENAIARGIH,0
CASSKPRRSGSYEQYF,NPVVHFFKNIVTP,0
CASSPEHPISVLDEQYF,QPFPQPEQPFPGS,0
CASSRTRGAQPQHF,FLRGRAYGL,0
CASSCRSDAYKSRANVLTF,PQPELPYPQPE,0
CASSWLQSRANVLTF,VHFFKNIVTPRTPGG,0
CASRNSIATVLDEQYF,QLVHFVRDFAQ,0
CASSGGCGQSRANVLTF,PQQPFPQPEQPFP,0
CASSHFIEAGKTYGYTF,HNLDLAEKDFMVNTVAGAMK,0
CASSTRGSQPQHF,GPPAHVENAIARGIH,0
CASSGGGPFPFDNEQFF,LSYYKLGASQRVAGD,0
CASSSKPGTKSGQRPDF,GPPAHVENAIARGIH,0
CASSQRGGPEAFF,NPVVHFFKNIVTP,0
CASSTVMLTRKTYGYTF,NPVVHFFKNIVTP,0
CSAFIRMFRKTYGYTF,QAFWIDLFETI,0
CASRTWIATLLDEQYF,ILKISNKYHTKGDH,0
CASSRGQSYTNTGELFF,DQVILLNKHIDAY,0
CAWLTKRYNKSRANVLTF,LSYYKLGASQRVAGD,0
CASSQRGAYEQYF,TNFKYNYSVIEGGPI,0
CASSCSHPISILTEAFF,NTFRHSVVVPCEPPE,0
CASSPTRGVQTQYF,DTLEKISNEIKIVATP,0
CASSHAYPIIHHNSPLHF,DQVILLNKHIDAY,0
CASRRLQAPRKTYGYTF,GEIPLHRSDRVKVLSI,0
CASRSRVLQHARNTIYF,ADTLQSIGATTVASN,0
CASSRRAKQQSRANVLTF,KRGIVEQSSTSISSL,0
CSAQWTLFRKTYGYTF,NAQALNTLVKQLSSNFG,0
YASSDKSLRSVDYGYTF,NTFRHSVVVPCEPPE,0
CASSVWLATTRRNTIYF,TNFKYNYSVIEGGPI,0
CASSQKSPDNEQFF,QPFPQPELPYGSGGS,0
CAISGIFCIQSRANVLTF,QLQPFPQPELPY,0
CASSRSWGSNEQFF,HMTEVVRHC,0
CASKSRWGSYEQYF,RLLMLFAKDVVSR,0
CASDIEYQSRANVLTF,GPPAHVENAIARGIH,0
CASSMRDPMQDTQYF,QAFWIDLFETI,0
CASSNVYSQSRANVLTF,PQPELPYPQPQ,0
CASCLRISRKTYGYTF,PQQPFPQPEQPFP,0
CASSYALATTRRNTIYF,DQVILLNKHIDAY,0
CASSDFDPICLQDTQYF,RGHLRIAGHHLGRCDIKDLP,0
CASSPKCPIFGNHQPQHF,HMTEVVRHC,0
CASDLGVPDKSRANVLTF,QPFPQPEQPFPGS,0
CASSQGRTSWQFF,PQQPFPQPEQPFP,0
CASSSPQSRANVLTF,RGHLRIAGHHLGRCDIKDLP,0
CASSCGLHFWHHQPQHF,QPFPQPEQPFPGS,0
CARLISMVRKTYGYTF,QPFPQPEQPFPGS,0
CASSSPVPICKRKNIQYF,KRGIVEQSSTSISSL,0
CASSITPPISCLDEQYF,QAFWIDLFETI,0
CASNLVISRKTYGYTF,NPVVHFFKNIVTP,0
CASSIRGGFRKTYGYTF,TSFLSINSKEETGHL,0
CASSEVPFTRKIYGYTL,GEIPLHRSDRVKVLSI,0
CASRFRLATPSDNEQFF,GEIPLHRSDRVKVLSI,0
CASGGNNAGQSRANVLTF,ADTLQSIGATTVASN,0
CASSGDGESHKSRANVLTF,GPPAHVENAIARGIH,0
CASNALPGLNEKLFF,DTLEKISNEIKIVATP,0
CASGTRNLQGKTYGYTF,PQPELPYPQ,0
CASSYPCPISIRTEAFF,VLNYQMKAFTTKAEMLESIG,0
CTSRSKGLCEAYGYTF,HMTEVVRHC,0
CASISPKSQSRANVLTF,PQPELPYPQ,0
CAWSVPVVGSYEQYF,HMTEVVRHC,0
CASSHTSFTPQSRANVLTF,GEIPLHRSDRVKVLSI,0
CASSDHGFRSVDYGYTF,HYNYMCNSSSCMGSMN,0
CSALIFVSQSRANVLTF,ILKISNKYHTKGDH,0
CASSNANSGLTGELFF,TNFKYNYSVIEGGPI,0
CASSSVYPIFVLDEQYF,ADTLQSIGATTVASN,0
CASNMRPVRKTYGYTF,TNFKYNYSVIEGGPI,0
CASSSLLPMQDTQYF,QPFPQPEQPFPGS,0
CASREYIDTIRTEAFF,HYNYMCNSSSCMGSMN,0
CSAREDRGYSPLHF,RLLMLFAKDVVSR,0
CASSLPRFTHKSRANVLTF,IPTNFTISVTTEILP,0
CASSWDVHFVLDEQYF,HYNYMCNSSSCMGSMN,0
CASSEDRNTGELFF,RLLMLFAKDVVSR,0
CASGSTRAARLSRKTYGYTF,ILKISNKYHTKGDH,0
CASSLIGPIVMQDTQYF,HMTEVVRHC,0
CASSKRCDLDKSRANVLTF,PQPELPYPQPE,0
CASSIPFPGYKSRANVLTF,NTFRHSVVVPCEPPE,0
CASSSWQVSTGELFF,TNFKYNYSVIEGGPI,0
CAISRTSGRIAGAYEQYF,QAFWIDLFETI,0
CASSEIVATVMQDTQYF,FLRGRAYGL,0
CASESGSVRKNYGYTL,TNFKYNYSVIEGGPI,0
CASSTRGELDKSRANVLTF,ADTLQSIGATTVASN,0
CARSANLSRQSRANVLTF,ILKISNKYHTKGDH,0
CASRECIATWHHQPQHF,FLRGRAYGL,0
CASSLGTQYF,KRGIVEQSSTSISSL,0
CASSQVVPFARKNIQYF,RLLMLFAKDVVSR,0
CASSSVPFIHHNSPLHF,GEIPLHRSDRVKVLSI,0
CASSSSASSSQSRANVLTF,KRGIVEQSSTSISSL,0
CASSIYSYLTKSGQLLTF,QLVHFVRDFAQ,0
CASSQGRTTEQYF,KRGIVEQCCTSISSL,0
CASSLLLSAGGDTDTQYF,ILKISNKYHTKGDH,0
CASSTLVPMRKTYGYTF,RGHLRIAGHHLGRCDIKDLP,0
CASSCIPQSGKTYGYTF,PQPELPYPQPQ,0
CTSSCHGLCTSRANVLTF,QLVHFVRDFAQ,0
CASSPVSWHHQPQHF,TNFKYNYSVIEGGPI,0
CASSPISGLTGELFF,PQPELPYPQPQ,0
CASSLVSITGTDYGYTF,PFPQPELPY,0
CASHLMYLKQSRANVLTF,HMTEVVRHC,0
CASSGYEHHGKTYDYTF,TNFKYNYSVIEGGPI,0
CASTNQCRKTYGYTF,HMTEVVRHC,0
CASSPSTSQSRANVLTF,DQVILLNKHIDAY,0
CASSLSFPIVMQDTQYF,HNLDLAEKDFMVNTVAGAMK,0
CASSLWQRSRKAYGYTF,QLVHFVRDFAQ,0
CASSRSSESYGYTF,RGHLRIAGHHLGRCDIKDLP,0
CASSCVNTLRKNYGYTF,NPVVHFFKNIVTP,0
CASSDFSRSQQSRANVLTF,PFPQPELPY,0
CSVDGVTQETQYF,QLQPFPQPELPY,0
CASSNDGESRQSRANVLTF,NAQALNTLVKQLSSNFG,0
CASSESRHEGGTYGYTF,VLNYQMKAFTTKAEMLESIG,0
CATSCDYSYQQSRANVLTF,GEIPLHRSDRVKVLSI,0
CSARGGRLFYEQYF,ILKISNKYHTKGDH,0
CASSQRGLPEQYV,PQPELPYPQPE,0
CASSCASPISGSTGELFF,ILKISNKYHTKGDH,0
CASSPGRKTYGYTF,IPTNFTISVTTEILP,0
CASSVGVHFVLDEQYF,RLLMLFAKDVVSR,0
CASRNPLAHIHHNSPLHF,ADTLQSIGATTVASN,0
CASSTIAPIVMQDTQYF,QLQPFPQPELPY,0
CASSYFTCHRQSRANVLTF,ILKISNKYHTKGDH,0
CASRMNILHVLDEQYF,FLRGRAYGL,0
CASRGELATTIRTEAFF,PFPQPELPY,0
CASSWRYLRGYTF,TNFKYNYSVIEGGPI,0
CASSTWVFVLDEQYF,ILKISNKYHTKGDH,0
CASRTRQLSTSRANVLTF,QLQPFPQPELPY,0
CASSLSGGGGTQYF,PQPELPYPQPE,0
CTSRANVLTF,LSYYKLGASQRVAGD,0
CAWSFVCYRKTYGYTF,NPVVHFFKNIVTP,0
CASSRGGAHGKTYGYTF,TSFLSINSKEETGHL,0
CASSGTDPIVLDEQYF,RGHLRIAGHHLGRCDIKDLP,0
CASSRLHPIFWHHQPQHF,HMTEVVRHC,0
CASSVLGPHGKTYGYTF,KRGIVEQCCTSISSL,0
CASSPWHEAGKTYGYTF,PQPELPYPQPQ,0
CASSMIGKTYGYTF,DTLEKISNEIKIVATP,0
CASRDTLLQQRKNIQYF,PQPELPYPQ,0
CASSFRPGLAGRLLSYEQYF,NPVVHFFKNIVTP,0
CAGSPTGSYGKTYGYTF,ILKISNKYHTKGDH,0
CASRVVLATIRTEAFF,VLNYQMKAFTTKAEMLESIG,0
CASSVKGKCRKTYGYTF,TNFKYNYSVIEGGPI,0
CTSRYNCRANVLTF,NTFRHSVVVPCEPPE,0
CAWKSMCYRKTYGYTF,PFPQPELPY,0
CASSLVVFSGRGGEQFF,PQPELPYPQPE,0
CASRRQGGTEAFF,PQQPFPQPEQPFP,0
CASSRSHFVLDEQYF,PQPELPYPQPQ,0
CASSPSPSSQSRANVLTF,QLQPFPQPELPY,0
CASSSLNPICKNIQYF,HMTEVVRHC,0
CASRTSLVHVLDEQYF,VHFFKNIVTPRTPGG,0
CASSCSISFSETQYF,ILKISNKYHTKGDH,0
CASAKTVSHKSRANVLTF,NAQALNTLVKQLSSNFG,0
CASSVAASMHKSRANVLTF,TNFKYNYSVIEGGPI,0
CASSQGLTTEQYF,PQPELPYPQPQ,0
CASSNRSRSNKSRANVLTF,DQVILLNKHIDAY,0
CASSMVLYHDKSRANVLTF,QLQPFPQPELPY,0
CASSFGISRSF,TSFLSINSKEETGHL,0
CASSRLYRDGKIYGYTF,DTLEKISNEIKIVATP,0
CASSSNHTHGKTYGYTF,NPVVHFFKNIVTP,0
CASRTSVPRKAYGYTF,IPTNFTISVTTEILP,0
CASRAWIGYRKTYGYTF,HMTEVVRHC,0
CASSFGNPICMQDTQYF,PFPQPELPY,0
CASSHSSTLHKSGQLLTF,PQPELPYPQ,0
CASSNTIPIVLDEQYF,KRGIVEQCCTSISSL,0
CASSQRGDGNTIYF,QPFPQPELPYGSGGS,0
CASSACDCIRKIYGYTF,HMTEVVRHC,0
CASRRCIATQRKNIQYF,IPTNFTISVTTEILP,0
CASSIRTDTQYF,QPFPQPEQPFPGS,0
CASSIRSTDTQYF,DTLEKISNEIKIVATP,0
CASSIRATDTQYF,GEIPLHRSDRVKVLSI,0
CASSLRYTDTQYF,TSFLSINSKEETGHL,0
CASSLRFTDTQYF,FLRGRAYGL,0
CASSIRFTDTQYF,GPPAHVENAIARGIH,0
CASSVRHTDTQYF,TNFKYNYSVIEGGPI,0
CASSIRTGGDTQYF,DQVILLNKHIDAY,0
CASSLGGSTDTQYF,PQPELPYPQ,0
CASSVRTGDSQPQHF,QLVHFVRDFAQ,0
CASSLRGLDMGTQYF,DTLEKISNEIKIVATP,0
CASSLRWGDEGEQYF,VHFFKNIVTPRTPGG,0
CASSLRAGGNHEQYF,FLRGRAYGL,0
CASSLRASGSHEQYF,PQQPFPQPEQPFP,0
CASSLATRATYEQYF,VHFFKNIVTPRTPGG,0
CASLLGRSNTGELFF,GPPAHVENAIARGIH,0
CASSLRATDTQYF,HNLDLAEKDFMVNTVAGAMK,0
CASSLRSGGADTQYF,VLNYQMKAFTTKAEMLESIG,0
CASSQVRETQCF,FLRGRAYGL,0
CASSSDRNYGYTF,ILKISNKYHTKGDH,0
CASSFPGALNYGYTF,PFPQPELPY,0
CASSFSGTSPYEQF,ILKISNKYHTKGDH,0
CASSFGGGTYEQYF,HMTEVVRHC,0
CASSLVERGPYEQYF,QLQPFPQPELPY,0
CASSLVSGGMDEQF,KRGIVEQCCTSISSL,0
CASSLQASSYNEQF,QPFPQPEQPFPGS,0
CASSPRGRNYEQYF,QLQPFPQPELPY,0
CASSPEGVRVGYGYTF,DTLEKISNEIKIVATP,0
CASSLAGGLHTDTQYF,DTLEKISNEIKIVATP,0
CASSLAGPLRFNEQF,GPPAHVENAIARGIH,0
CASSLMGLSNYGYTF,WEDLFCDESLSSPEPPSSSE,0
CASSLSAGPGANVLTF,VLNYQMKAFTTKAEMLESIG,0
CASSPWTSGSTYNEQF,GPPAHVENAIARGIH,0
CASSLEGAFSANYGYTF,TNFKYNYSVIEGGPI,0
CASSLRGTYGSGANVLTF,DQVILLNKHIDAY,0
CASSPQLGVPFF,QLQPFPQPELPY,0
CASSLNQGGGYTF,HMTEVVRHC,0
CASSTHRAEGELF,NAQALNTLVKQLSSNFG,0
CASSFRLDRYGYTF,QLVHFVRDFAQ,0
CASSQGQSSYNEQF,QPFPQPELPYGSGGS,0
CASSVQGRVNTEAF,NTFRHSVVVPCEPPE,0
CASSAGTLPTGELF,LSYYKLGASQRVAGD,0
CASSLARRFYNSPLHF,QLQPFPQPELPY,0
CASSLEGRGYTF,HNLDLAEKDFMVNTVAGAMK,0
CASSLVGEKAFF,GEIPLHRSDRVKVLSI,0
CASSLSRYEQF,QPFPQPEQPFPGS,0
CASSLAGVQPQHF,PQPELPYPQPE,0
CASSSPVGGEQF,RLLMLFAKDVVSR,0
CASSSGGGYNEQF,HMTEVVRHC,0
CASSSLGGAETQYF,ADTLQSIGATTVASN,0
CASSSSQGNQPQHF,ILKISNKYHTKGDH,0
CASSKSRGSYEQYF,QAFWIDLFETI,0
CASSPDGVNSPLHF,QLVHFVRDFAQ,0
CASSPNRSGNTIYF,DTLEKISNEIKIVATP,0
CASSTRQSAYEQYF,DQVILLNKHIDAY,0
CASSLDAGNEKLF,RLLMLFAKDVVSR,0
CASSLALGDTTEAFF,TNFKYNYSVIEGGPI,0
CASSLARGVGNIQYF,QLQPFPQPELPY,0
CASSLEGQGISPLHF,NAQALNTLVKQLSSNFG,0
CASSLELSGANVLTF,ILKISNKYHTKGDH,0
CASSLGIGPYNEQF,FLRGRAYGL,0
CASSVSFGQGYEQYF,ADTLQSIGATTVASN,0
CASSRGGTSGLHTQYF,NAQALNTLVKQLSSNFG,0
CASSFQGGDGETQYF,PQQPFPQPEQPFP,0
CASSLVGGGESTEAF,ADTLQSIGATTVASN,0
CASSIRSTDTQYF,DQVILLNKHIDAY,0
CASSLGQPSTDTQYF,PQPELPYPQPE,0
CASSIRTSGAHEQYF,TSFLSINSKEETGHL,0
CASSLRAGGSHEQYF,QLVHFVRDFAQ,0
CASSFQRGAADTQYF,TSFLSINSKEETGHL,0
CASSFRVGAVDTQYF,HNLDLAEKDFMVNTVAGAMK,0
CASSIRWTDTQYF,PQQPFPQPEQPFP,0
CASSQVYGGDTQYF,QPFPQPELPYGSGGS,0
CASSWTGGHTDTQYF,ADTLQSIGATTVASN,0
CASSEQREGEQYF,QAFWIDLFETI,0
CASSIRAGGTDTQYF,NPVVHFFKNIVTP,0
CASSIRDTDTQYF,QLQPFPQPELPY,0
CASSIRTGDHEQYF,RLLMLFAKDVVSR,0
CASSIRTGGETQYF,RLLMLFAKDVVSR,0
CASSIRTTDTQYF,DQVILLNKHIDAY,0
CASSIRYTDTQYF,FLRGRAYGL,0
CASSLASYGDTQYF,RGHLRIAGHHLGRCDIKDLP,0
CASSLRFTDTQYF,IPTNFTISVTTEILP,0
CASSLVAYSGETQYF,QLVHFVRDFAQ,0
CASSTRTTDTQYF,NPVVHFFKNIVTP,0
CASSTRWSDTQYF,QLVHFVRDFAQ,0
CASSVRFTDTQYF,QLQPFPQPELPY,0
ATSIRFTDTQYF,PQPELPYPQPE,0
CASSIRQGGNHEQYF,LSYYKLGASQRVAGD,0
CASSFRSTDTQYF,LSYYKLGASQRVAGD,0
CASSQDGQGPETQYF,KRGIVEQCCTSISSL,0
CASSVRSTDTQYF,QPFPQPELPYGSGGS,0
CASSFRVSDTQYF,GEIPLHRSDRVKVLSI,0
CASSIRNTDTQYF,PFPQPELPY,0
CASSLRAGGVDTQYF,VLNYQMKAFTTKAEMLESIG,0
CASSQPHRGDEQFF,PQPELPYPQPE,0
CASSARFTDTQYF,VLNYQMKAFTTKAEMLESIG,0
CASSFRTSDTQYF,PQPELPYPQ,0
CASSLRSGDTQYF,IPTNFTISVTTEILP,0
CASSLVAWETQYF,HMTEVVRHC,0
CASSVRGGEADTQYF,ADTLQSIGATTVASN,0
CSVSGGPSTDTQYF,ADTLQSIGATTVASN,0
CSVGQTDSPLHF,IPTNFTISVTTEILP,0
CSAGQGGTGELFF,QLQPFPQPELPY,0
CSVAALAGFQETQYF,TNFKYNYSVIEGGPI,0
CSASRWRSTDTQYF,QPFPQPEQPFPGS,0
CSAGVGGQETQYF,LSYYKLGASQRVAGD,0
CSAYRTWDQETQYF,PQQPFPQPEQPFP,0
CSAREPDNTGELFF,QLQPFPQPELPY,0
CSARGYGLANPYEQY,NAQALNTLVKQLSSNFG,0
CASSLASAGGTDTQYF,DQVILLNKHIDAY,0
CASSLNWDTEAFF,PQQPFPQPEQPFP,0
CASSFSPAGSEAFF,ILKISNKYHTKGDH,0
CASSLEGQGASEQFF,VLNYQMKAFTTKAEMLESIG,0
CASSQGLAGVQETQYF,NAQALNTLVKQLSSNFG,0
CASSPTALGTDTQYF,QPFPQPEQPFPGS,0
CASSFRFTDTQYF,QAFWIDLFETI,0
CASSVRSTDTQYF,DQVILLNKHIDAY,0
CASSFRALAADTQYF,PQPELPYPQPQ,0
CASSIRTSGDHEQYF,FLRGRAYGL,0
CASSQYQSLVRGNNEQFF,WEDLFCDESLSSPEPPSSSE,0
CASSFPQVTDTQYF,ADTLQSIGATTVASN,0
CASSHVDRGGETQYF,FLRGRAYGL,0
CASSLGQAYEQYF,PQPELPYPQ,0
CASSSGQAYEQYF,QAFWIDLFETI,0
CASSKGPGGNYEQYF,TNFKYNYSVIEGGPI,0
CASSLGDRGNEKLFF,KRGIVEQSSTSISSL,0
CASSLGTGGRDGYTF,NTFRHSVVVPCEPPE,0
CASRRGTGGHTGELFF,PQQPFPQPEQPFP,0
CASSIVPLAGRNEQFF,PQPELPYPQPQ,0
CASSQTFAEAFF,HMTEVVRHC,0
CSARAEGQSTGELFF,QLQPFPQPELPY,0
CASRRDLAAFF,RGHLRIAGHHLGRCDIKDLP,0
CASSPGTGGRETQYF,QLVHFVRDFAQ,0
CATSALGDTQYF,ADTLQSIGATTVASN,0
CASSLADRVNTEAFF,ADTLQSIGATTVASN,0
CATSALGDTQYF,NTFRHSVVVPCEPPE,0
CATSALGDTQYF,LSYYKLGASQRVAGD,0
CASSLAQGGETQYF,DTLEKISNEIKIVATP,0
CSVALGSDTGELFF,PQQPFPQPEQPFP,0
CSVALGSDTGELFF,KRGIVEQCCTSISSL,0
CATSDFETGTREPNTGELFF,ADTLQSIGATTVASN,0
CASSNPTGNFGFLGYGYTF,QLQPFPQPELPY,0
CASSLWGTGVQGTGELFF,FLRGRAYGL,0
CASSSEGGLAGIPPEQYF,HMTEVVRHC,0
CSARDPRWGSSHNEQFF,PQPELPYPQ,0
CATSRDRGGGLTDTQYF,DTLEKISNEIKIVATP,0
CASSIEDVTAANYGYTF,NAQALNTLVKQLSSNFG,0
CASSEASTGGPTGELFF,NAQALNTLVKQLSSNFG,0
CSAYYIGEAGGNYGYTF,ILKISNKYHTKGDH,0
CASSLNPTGVGDYGYTF,NTFRHSVVVPCEPPE,0
CASSQGLLLSTYEQYF,PQPELPYPQ,0
CSARDLADYSNQPQHF,TNFKYNYSVIEGGPI,0
CASSGGTVDYNSPLHF,ADTLQSIGATTVASN,0
CASSLGGTGGRNIQYF,NTFRHSVVVPCEPPE,0
CATSDSGRGGTGELFF,KRGIVEQCCTSISSL,0
CASSVGGGVTDTQYF,QPFPQPEQPFPGS,0
CASTPDRDGQETQYF,RGHLRIAGHHLGRCDIKDLP,0
CASSLEVQQNQPQHF,DTLEKISNEIKIVATP,0
CASSRGGQGFHEQYF,GPPAHVENAIARGIH,0
CAISESNSVAGELFF,DQVILLNKHIDAY,0
CASSQDSSGYSEQYF,PFPQPELPY,0
CASSLLAGGQETQYF,QAFWIDLFETI,0
CASSSLAGPSYEQYF,TSFLSINSKEETGHL,0
CASSFYSGGVYEQYF,PQPELPYPQ,0
CASSLSYGHYNEQFF,GPPAHVENAIARGIH,0
CASRNPGHRSYEQYF,QLVHFVRDFAQ,0
CASAIGAGRKDTQYF,PQPELPYPQPE,0
CASSHPREGEETQYF,TNFKYNYSVIEGGPI,0
CASSQERGAYNEQYF,WEDLFCDESLSSPEPPSSSE,0
CATSRARQGAYEQYF,PQPELPYPQPQ,0
CSARAPDRVDEKLFF,LSYYKLGASQRVAGD,0
CASSFSDLYAETQYF,QPFPQPEQPFPGS,0
CASSSTPSGYNEQYF,VLNYQMKAFTTKAEMLESIG,0
CASSLTGWNTEAFF,TSFLSINSKEETGHL,0
CAWSGGHTQAEAFF,QLQPFPQPELPY,0
CASSQDLGNTEAFF,GEIPLHRSDRVKVLSI,0
CASSSGGTGEKLFF,TSFLSINSKEETGHL,0
CSARDIGGGTEAFF,FLRGRAYGL,0
CASSPTQGGYSQYF,QPFPQPELPYGSGGS,0
CASSRSSPTDTQYF,PFPQPELPY,0
CSAQSSTIRNEQFF,PQQPFPQPEQPFP,0
CASSWGQVNTEAFF,PFPQPELPY,0
CASSDTGGIYEQYF,ADTLQSIGATTVASN,0
CASKRWLTDNEQFF,PQPELPYPQPE,0
CASRGETGLTEAFF,QPFPQPELPYGSGGS,0
CASSEGVLDYGYTF,QPFPQPELPYGSGGS,0
CSAFTDSTDTQYF,HMTEVVRHC,0
CASSAAGGETQYF,PQQPFPQPEQPFP,0
CASSQAGNNEQFF,DQVILLNKHIDAY,0
CSVGLGGGTEAFF,HYNYMCNSSSCMGSMN,0
CASSFSADEQYF,QLQPFPQPELPY,0
CAWSVDWREQYF,PQPELPYPQPE,0
CSARGYTEAFF,QAFWIDLFETI,0
CASGWGDEQYF,NAQALNTLVKQLSSNFG,0
CASSLAFPGNLAGANVLTF,HMTEVVRHC,0
CASSRGEDLGPVVYEQYF,VHFFKNIVTPRTPGG,0
CASSPGLAGGGGQETQYF,PQQPFPQPEQPFP,0
CASSSGLAGDPSYEQYF,HNLDLAEKDFMVNTVAGAMK,0
CASSPSRGSGGYNEQFF,HNLDLAEKDFMVNTVAGAMK,0
CASSLGTGDYSNQPQHF,QPFPQPELPYGSGGS,0
CASSKNRGLAGYNEQFF,TSFLSINSKEETGHL,0
CASSFGSGISGRNEQFF,QLVHFVRDFAQ,0
CASTSTWGSSYNSPLHF,PQPELPYPQ,0
CASSLGTGHYSNQPQHF,PQPELPYPQPE,0
CASSQGGVGAANEKLFF,QLQPFPQPELPY,0
CASSQVTGTSGRDEQFF,WEDLFCDESLSSPEPPSSSE,0
CASSLLHGLYTSYEQYF,KRGIVEQSSTSISSL,0
CASSLPDWEKPNEQFF,GPPAHVENAIARGIH,0
CASSTHFGINTGELFF,RLLMLFAKDVVSR,0
CASSPRGLSMMAEAFF,KRGIVEQSSTSISSL,0
CAISPGRKLTQETQYF,QPFPQPELPYGSGGS,0
CSARDSQRDDYNEQFF,QAFWIDLFETI,0
CASSLDPAAGDYGYTF,PQPELPYPQPE,0
CASRPSAFATNEKLFF,HYNYMCNSSSCMGSMN,0
CASSVTSGAQGDEQFF,PQPELPYPQ,0
CASSLGGRAGTDTQYF,PQPELPYPQPE,0
CASSWGLAGNEDTQYF,DQVILLNKHIDAY,0
CASSYSSTSRSIEQYF,HYNYMCNSSSCMGSMN,0
CASSLTGQELGNTIYF,QLQPFPQPELPY,0
CASSSSGQGAPGEQYF,ILKISNKYHTKGDH,0
CASSPAGSSGANVLTF,ADTLQSIGATTVASN,0
CASSAGTYSYNEQFF,DTLEKISNEIKIVATP,0
CASSLLGDSNQPQHF,NAQALNTLVKQLSSNFG,0
CASSLGGGQNQPQHF,PFPQPELPY,0
CASSQDGLTDEKLFF,QLVHFVRDFAQ,0
CASRPGAGLSYEQYF,ILKISNKYHTKGDH,0
CASSLTSGRYNEQFF,PQPELPYPQPE,0
CASSPDRSTNTEAFF,NTFRHSVVVPCEPPE,0
CASSDTSTGTQPQHF,PQPELPYPQPE,0
CATSEGTGVNTEAFF,TNFKYNYSVIEGGPI,0
CASSGTSGPTGELFF,HMTEVVRHC,0
CASSYSGPRLDTQYF,KRGIVEQCCTSISSL,0
CASSPSRASMVEQYF,PQPELPYPQPQ,0
CSARDPGAYRDEQFF,KRGIVEQCCTSISSL,0
CASSEHSQRFYGYTF,DTLEKISNEIKIVATP,0
CASSPTLSLAGELFF,QLVHFVRDFAQ,0
CASSPRPLTSHEQYF,HNLDLAEKDFMVNTVAGAMK,0
CASSSLAEHYNEQFF,VLNYQMKAFTTKAEMLESIG,0
CASSGLAGEGETQYF,GPPAHVENAIARGIH,0
CASSLGDRLNTEAFF,PQQPFPQPEQPFP,0
CSASDPGHNQETQYF,IPTNFTISVTTEILP,0
CSATPASGNQETQYF,KRGIVEQCCTSISSL,0
CASSFLAGPFHEQFF,ILKISNKYHTKGDH,0
CASSRGGVYNSPLHF,HMTEVVRHC,0
CASSDAWDIQGEQFF,TNFKYNYSVIEGGPI,0
CASSYGQIDNSPLHF,KRGIVEQSSTSISSL,0
CASSIDRRKEETQYF,QPFPQPELPYGSGGS,0
CASSYTTGSDQPQHF,VHFFKNIVTPRTPGG,0
CASSPQGPSGNTIYF,NTFRHSVVVPCEPPE,0
CATSRGGSSYNEQFF,PQPELPYPQPE,0
CASSLEGERFYGYTF,QPFPQPEQPFPGS,0
CASTPLGRDIQPQHF,VLNYQMKAFTTKAEMLESIG,0
CASTSGGGFSYEQYF,NAQALNTLVKQLSSNFG,0
CASSQDGGFDSPLHF,DQVILLNKHIDAY,0
CASIQQEDNQPQHF,NTFRHSVVVPCEPPE,0
CSARVKARGTEAFF,HNLDLAEKDFMVNTVAGAMK,0
CASSPNRMNTEAFF,QPFPQPEQPFPGS,0
CASSQFSLADTQYF,KRGIVEQCCTSISSL,0
CSVVRIKTGGEQFF,KRGIVEQSSTSISSL,0
CASTGGRYYYEQFF,HMTEVVRHC,0
CASRQQGAVNTIYF,ILKISNKYHTKGDH,0
CASSQRDRPLKAFF,VHFFKNIVTPRTPGG,0
CASSFLGSGRGDYF,RLLMLFAKDVVSR,0
CASSDGAGENIQYF,HMTEVVRHC,0
CASSPWLPLNEQFF,PQPELPYPQ,0
CASSSGTILHEQYF,ADTLQSIGATTVASN,0
CSARLGGFYNEQFF,PQQPFPQPEQPFP,0
CASSGDIPSNEQFF,IPTNFTISVTTEILP,0
CASSDRDTGNTIYF,HNLDLAEKDFMVNTVAGAMK,0
CASAVDRNSYEQYF,KRGIVEQSSTSISSL,0
CASSSSRSGETQYF,QPFPQPEQPFPGS,0
CASSWSGLQETQYF,ILKISNKYHTKGDH,0
CASSQEWRGDTQYF,HYNYMCNSSSCMGSMN,0
CASSPGTGSRGYTF,LSYYKLGASQRVAGD,0
CASSQDLGEKLFF,NAQALNTLVKQLSSNFG,0
CASSLSMNTEAFF,HNLDLAEKDFMVNTVAGAMK,0
CASSAGQFYGYTF,KRGIVEQCCTSISSL,0
CASSQDRNEKLFF,LSYYKLGASQRVAGD,0
CASSPDSPYEQYF,KRGIVEQCCTSISSL,0
CASRGTGSYEQYF,HYNYMCNSSSCMGSMN,0
CASSLDSTGELFF,PQPELPYPQPQ,0
CASRGTGVYEQYF,RGHLRIAGHHLGRCDIKDLP,0
CASSPRGPDTQYF,HNLDLAEKDFMVNTVAGAMK,0
CSASTGAPYEQYF,GPPAHVENAIARGIH,0
CASRRQEGYGYTF,QPFPQPELPYGSGGS,0
CASSQGGLNEQFF,VHFFKNIVTPRTPGG,0
CASAGVSNQPQHF,GPPAHVENAIARGIH,0
CASREGARGGYTF,LSYYKLGASQRVAGD,0
CSAPDRGQVEQYF,PQQPFPQPEQPFP,0
CASSIQLSYEQYF,VLNYQMKAFTTKAEMLESIG,0
CSAAGTGYEKLFF,KRGIVEQSSTSISSL,0
CASGSRGTETQYF,RGHLRIAGHHLGRCDIKDLP,0
CASSPSRTGELFF,RGHLRIAGHHLGRCDIKDLP,0
CASSRDRFLEQYF,TSFLSINSKEETGHL,0
CASSQTRYNEQFF,HYNYMCNSSSCMGSMN,0
CASIQTFLYGYTF,QPFPQPEQPFPGS,0
CASSLGNQPQHF,DTLEKISNEIKIVATP,0
CACTGYAGELFF,PFPQPELPY,0
CASNGWNEKLFF,PQQPFPQPEQPFP,0
CASSGTTDTQYF,GPPAHVENAIARGIH,0
CASRTYTDTQYF,DTLEKISNEIKIVATP,0
CASSLGGDIQYF,DQVILLNKHIDAY,0
CASSLVNTEAFF,PFPQPELPY,0
CASSSRDRGFF,KRGIVEQSSTSISSL,0
CASSLGQGRYF,QPFPQPELPYGSGGS,0
CASGQGRYF,QPFPQPELPYGSGGS,0
CSPGHGYTF,RLLMLFAKDVVSR,0
CASSLLTSGAPRDTQYF,ADTLQSIGATTVASN,0
CASSYSLYGRAGDEQYF,GEIPLHRSDRVKVLSI,0
CASSLDWGLAYGDTQYF,RGHLRIAGHHLGRCDIKDLP,0
CATSPSAGSGIRAQYF,HYNYMCNSSSCMGSMN,0
CSASPTGTSRLDTQYF,PQPELPYPQ,0
CASSVGLGRGYEQYF,DTLEKISNEIKIVATP,0
CASSVGLGRNYGYTF,QAFWIDLFETI,0
CASSRDSLSNQPQHF,TSFLSINSKEETGHL,0
CASSSPGRGNSPLHF,IPTNFTISVTTEILP,0
CASSSPVGGAYEQYF,TSFLSINSKEETGHL,0
CASSVGEGRTYEQYF,NPVVHFFKNIVTP,0
CASSETGGGNQPQHF,TSFLSINSKEETGHL,0
CASGGGQSPYNEQFF,KRGIVEQCCTSISSL,0
CASIDGPGQVGELFF,NPVVHFFKNIVTP,0
CASSLGTGNTYEQYF,TSFLSINSKEETGHL,0
CASRRGDESTDTQYF,KRGIVEQSSTSISSL,0
CASSQVRAPGNTIYF,DTLEKISNEIKIVATP,0
CASSVGLGRDYGYTF,NAQALNTLVKQLSSNFG,0
CASSQPGQGSNEQFF,QLQPFPQPELPY,0
CASSLSVNFYNEQFF,QPFPQPELPYGSGGS,0
CSARDPRVLTDTQYF,QPFPQPELPYGSGGS,0
CASSQVGRAYEQYF,QAFWIDLFETI,0
CASSLDSLNTEAFF,PQPELPYPQPE,0
CASSQDANSYEQYF,TNFKYNYSVIEGGPI,0
CASSQSGGRYEQYF,PFPQPELPY,0
CASRILAGVYEQYF,DQVILLNKHIDAY,0
CASSPERVGDTQYF,WEDLFCDESLSSPEPPSSSE,0
CASSQDALAGELFF,HNLDLAEKDFMVNTVAGAMK,0
CSARRRVGHGEQYF,IPTNFTISVTTEILP,0
CATSRDISGETQYF,QPFPQPEQPFPGS,0
CSASGAGGGSEQFF,VHFFKNIVTPRTPGG,0
CASSISAGGDGYTF,ADTLQSIGATTVASN,0
CASSAQTGGELFF,LSYYKLGASQRVAGD,0
CASSLERDYEQYF,PFPQPELPY,0
CASSLSVNQPQHF,TSFLSINSKEETGHL,0
CSASRGRLQPQHF,NAQALNTLVKQLSSNFG,0
CASSLEGDTEAFF,RLLMLFAKDVVSR,0
CSASGKQETQYF,GEIPLHRSDRVKVLSI,0
CSARGRSDTQYF,PQPELPYPQ,0
CASSPFVVIGQINEQYF,GPPAHVENAIARGIH,0
CASSYAGLAAPREQFF,NAQALNTLVKQLSSNFG,0
CASSEYQSQSNEQFF,ADTLQSIGATTVASN,0
CASGLVGFNQPQHF,PFPQPELPY,0
CASSINRYTEAFF,KRGIVEQCCTSISSL,0
CASLQFNEQFF,ADTLQSIGATTVASN,0
CATRTGNEAFF,PQPELPYPQPE,0
